director_id,director_id
76422,293911
56212,1072562
258,178460
107765,146836
5953,107765
14405,107765
35770,935049
7499,90574
4339,6159
1193508,1385031
147540,1385031
1146,3776
569,1146
564,1146
1146,7036
1146,8297
1128,1146
1146,2632
1146,6163
488,16848
11770,16848
3776,1151402
30309,1151402
76242,78061
76242,78064
19303,76242
3776,30309
4784,16938
1035,16938
16938,18897
16483,16938
16938,1230252
16938,88857
16938,63713
1032,3776
3776,39104
3776,5970
3776,27436
3776,130030
3776,6431
1884,3776
3776,15488
3776,9888
3776,51918
564,3776
3776,15254
3776,78160
3776,4429
1035,3776
3776,56205
1150,3776
3776,5655
3776,119294
224,3776
3776,14597
3776,93911
3776,15175
2303,3776
3776,12180
3776,105866
3776,39012
68,3776
3776,40312
3776,4762
834,3776
3776,30715
1152,3776
3776,21113
1650,3776
3776,58728
3776,76624
3776,67717
1776,3776
3776,5602
40864,110283
17087,110283
11701,1562178
1461,1562178
21411,1562178
6340,111588
3064,111588
455,3776
38673,131874
455,1157604
190,455
455,2636
73875,89847
488,865
865,3061
865,880
865,40256
865,3416
865,19119
865,879
865,893
865,7270
865,54697
3556,56401
34517,1008441
42,131459
56212,98882
56212,121798
578,1140238
17087,123991
98882,1322394
131459,1322394
11401,1322394
16848,59291
2675,59291
2127,59291
57581,59291
16847,59291
2128,59291
5140,59291
59290,59291
2978,59291
123990,123991
123990,123997
3556,43553
3087,43553
22461,43553
366,488
366,11701
366,16483
366,15218
366,5344
366,9033
366,934
366,2199
19274,568322
54734,568322
1024823,1245730
185438,1024823
1024823,1245726
81597,1024823
488,231705
190,72757
488,72757
36425,72757
15175,72757
138,72757
4483,72757
19003,19006
11181,25598
11694,25598
7017,25598
25598,43141
608,25598
31,25598
510,929825
51864,929825
6884,929825
929825,1668714
14386,929825
1896,929825
42138,929825
9788,929825
35013,929825
190,3776
190,25598
190,488
190,59315
190,1243
190,4385
190,5281
190,11701
190,4135
190,2461
190,648
190,2176
31,190
190,2228
190,21007
190,4746
12098,155267
229482,567120
3905,567120
10828,93223
7499,19152
19152,66605
569,15335
11401,15335
7623,134604
42712,134604
66074,134604
40863,98631
40863,59315
40863,45419
40863,45407
5656,40863
40863,40864
42,40863
40863,45400
40863,139135
17697,437833
239574,437833
35550,437833
6384,239571
91268,1413704
57755,91268
44735,91268
56661,81856
59291,100734
1035,56661
2127,100734
24045,56661
8654,100734
19274,56661
56661,1061773
11181,1046132
172,1046132
4723,25598
190,4723
508,4723
25527,31155
25527,133793
25527,46076
10491,1461114
190,1032
39,1032
488,1032
1032,2226
1032,20907
1032,59315
1032,1243
1032,102445
1032,105435
1032,9888
1032,8246
1032,3110
1032,1038
1032,1769
1032,5281
1032,1614
1032,10828
1032,33349
525,1032
1032,14392
1032,14999
1032,1033654
1032,1035
1032,3556
1032,1150
1032,5655
1032,6818
1032,56383
323,1032
1032,69371
1032,5656
1032,4135
1032,13235
1032,2746
1032,2636
1032,2303
1032,17087
1032,3224
1032,12238
1032,1145520
1032,30711
1032,9200
108,1032
1032,92784
1032,4762
1032,2171
1032,45400
1032,21007
1032,56206
1032,1650
1032,2145315
1032,83287
1032,1158
1032,67717
1032,133631
1032,21684
1032,6111
103,1032
1032,1776
1032,5010
78061,78064
6818,45730
45730,69122
78021,92993
1440271,1668697
1032,2034
2034,7018
2034,11614
2034,11181
2034,3061
2034,2036
2034,17051
2034,131617
2034,11401
1032,39104
5970,39104
569,39104
1243,39104
6818,39104
22461,39104
4808,39104
21411,39104
8654,39104
12219,500061
117642,1341629
52605,1341629
39,488
39,3556
39,1187130
39,17697
39,21684
39,15556
219861,1486737
2712,18184
32799,51534
10051,32799
24657,32799
64108,76242
76171,112280
40863,101542
98631,101542
101542,138557
569,101542
16847,101542
66681,101542
80762,112280
101542,1039529
67075,112280
11161,112280
108,98631
98631,139150
84981,141673
2294,141673
4955,141673
56857,133403
133403,1174074
76171,235430
112280,235430
81251,235430
101542,235430
118303,235430
137467,235430
2127,235430
2636,235430
121798,235430
510,206169
32395,206169
2294,935179
206169,1214840
7623,935179
138,935179
11770,935179
60073,137467
137467,182327
5470,137467
578,40223
23532,40223
19536,40223
1461,40223
1896,40223
17178,40223
6482,929825
488,6482
6482,9777
5281,6482
6482,1056121
6482,21712
6482,53267
6482,37932
6482,291263
6482,92784
6482,9778
6482,9788
16848,1284139
2294,1284139
10828,1284139
16847,1284139
138,1284139
11218,1284139
7881,52691
63052,64108
63052,63059
31155,1184590
31155,98132
138,31155
2149,2675
224,5877
5877,5892
2128,2675
280,5877
2675,32203
3776,535191
31268,40863
1032,31268
53603,535191
31268,101542
10828,31268
4429,31268
17016,31268
31268,56383
31268,87082
31268,1079368
31268,1094069
6198,51864
529184,529185
138,126125
108,126125
280,126125
4720,126125
234559,1041223
27889,1090812
1106693,1285817
488,7018
7018,11181
468,7018
7017,7018
138,7018
7018,1227885
7018,11343
7018,8297
1233,7018
4566,7018
4483,7018
7018,76221
13015,61239
11701,13015
5292,13015
5696,13015
13015,58094
2690,13015
13015,232156
819,985904
1298714,1967361
1704558,1967361
8654,131846
1298714,1704558
2034,35460
138,84981
2636,84981
510,23430
138,23430
15218,23430
280,10707
10707,14606
5970,1063268
88926,142517
2461,142517
12073,142517
190,97579
1032,97579
56205,97579
224,97579
5602,97579
1193499,1311564
5970,40863
5970,17282
4387,5970
5953,17883
525,17883
17883,51679
17883,113373
1461,17883
17883,981854
2632,17883
9274,17883
7399,17883
17883,51329
9778,17883
12073,17883
17883,212208
6482,80602
880,80602
5281,80602
20019,80602
7467,80602
17605,80602
1012,74752
4385,78108
1012,5575
94342,1212871
38785,1212871
33192,1212871
10757,1212871
17051,1179828
8574,1179828
14386,62116
1769,1777
138,1777
1777,19228
1777,5010
558177,1571086
55265,558177
12080,142587
19274,142587
54734,142587
40345,142587
16384,142587
21007,142587
1462,77869
17142,77869
24,9306
5602,9306
5524,12080
12080,65630
12079,12080
12080,18863
12080,19274
12080,54734
12080,16384
12080,21007
578,130253
20907,130253
569,130253
90037,130253
58689,130253
54025,130253
2128,130253
2878,102389
1921,1907753
1461,1921
1032,59466
59466,102445
59466,1907753
59466,72624
54025,59466
7467,59466
20387,59466
1884,27436
880,27436
27436,58448
20665,27436
27436,90694
3556,27436
15175,27436
2303,27436
27436,78439
1152,27436
865,56979
36602,56979
35468,56979
7467,56979
1152,56979
1063,56979
488,67589
67589,227452
67589,67592
60962,2877381
41421,1448492
488,3776
488,578
488,2294
24,488
488,102445
488,6046
488,6159
488,525
488,90694
488,4600
488,4945
488,3556
488,6818
488,82194
488,15892
488,8844
488,19303
488,2636
488,2283
488,30368
488,12238
488,648
108,488
488,4762
488,19274
488,109314
488,40345
31,488
488,508
488,17142
488,1650
488,4483
488,936584
488,4746
488,51329
488,5602
488,32395
488,26095
297095,1194748
11614,934281
2461,11614
11657,25598
11649,11657
11657,11694
11657,30715
1152,11657
138006,1140436
115584,2766240
212208,1140436
7499,119406
14887,119406
35013,119406
45405,182009
144009,182009
58689,109745
80591,109745
78500,109745
5713,5714
16483,30058
4808,30058
5090,30058
63477,1046436
4566,225893
974,81809
19302,230157
1035,18878
7256,18878
18878,53348
12988,18878
18878,40542
5140,18878
18878,128947
3776,1099847
56383,1099847
138,1099847
13235,61069
4491,61069
16294,61069
11614,61659
956,4385
880,61659
61659,77147
956,1413704
61659,80591
138,956
956,973
956,974
956,95022
956,17697
956,975
956,957
956,3125
524,956
956,17605
13922,66564
60949,66564
26457,66564
66564,224610
7166,66564
66564,543261
41421,66564
26205,52934
26205,55936
510,26205
510,3061
510,19303
510,518
510,5572
510,27319
510,2176
510,76070
510,4566
510,57113
510,1899
510,524
510,57646
2675,127614
510,127614
138,2294
2294,11770
2294,16384
2293,2294
2294,11161
578,58220
578,1018106
578,137427
578,1907753
578,1413704
578,2636
578,5292
578,3416
578,12238
578,23227
578,934
578,893
543261,1288700
71548,1568670
17866,51917
17108,17114
82200,1201777
16848,1160012
5281,134129
49281,51534
51534,67367
10051,49281
5602,49281
23287,81856
23287,84369
23287,30614
1239407,1265056
1038,1239407
40684,1239407
12891,1239407
10828,1239407
168798,1239407
9033,1239407
1108,1239407
17605,1239407
95101,1239407
510,1193125
1243,1193125
30715,1193125
3061,12995
9915,12995
879,12995
31,12995
32799,240352
240352,1023724
1243,11181
11181,56710
11181,18997
525,11181
11181,93911
11181,1413704
5292,11181
2283,11181
11181,11218
6384,11181
1461,11181
4566,11181
11181,1305192
524,11181
6979,11181
64227,1009255
37710,62941
16644,62941
6737,12073
190,16214
638,16214
16214,69371
16214,21411
1776,16214
587,3492
31,3492
3897,11694
3897,7623
1884,3897
3897,1907753
1614,3897
323,3897
2945,3897
3897,20750
3897,6384
3897,17141
3897,20739
3897,163496
1579,3897
34934,90367
74863,90367
43553,1432635
137467,1432635
13015,1432635
20308,1432635
15488,1432635
564,1432635
4429,1432635
11864,1432635
224,1432635
15148,1432635
44740,1432635
2303,1432635
3224,1432635
76070,1432635
280,1432635
17282,1432635
115309,1432635
66728,1432635
63973,1432635
6162,1432635
110,1432635
24,190
24,1038
1769,130030
24,1907753
56383,130030
5216,130030
24,11701
24,1150
24,8328
24,24045
24,5292
24,8297
24,31
24,1063
24,9994
24,32
9778,109692
7036,11649
11649,17697
3388,11649
2228,11649
7399,11649
11649,51329
11649,26467
10567,11649
1724,58220
4757,58220
893,58220
1158,58220
56205,88149
2746,88149
88149,985032
57755,88149
1147872,1147874
1769,1332325
84833,1224454
1224454,1416533
1031943,1031944
7623,87742
24045,87742
87742,1136517
24,2226
1243,2226
2226,4135
1461,2226
2226,4483
84931,113225
17142,84931
488,221152
190,45052
45052,1081077
39516,45052
569,20907
5294,20907
5292,20907
11401,20907
6818,18533
3416,126910
934,126910
126910,176557
65521,929825
59466,65521
65521,71947
48506,48507
1484323,2408537
1440271,1484323
1428024,1484323
21183,41530
68843,68844
42,71082
11694,15277
11694,11701
1893,11694
578,3061
1243,3061
3061,6159
3061,15557
3061,17835
3061,5294
3061,3556
3061,1936668
3061,5306
2283,3061
31,3061
3061,30614
3061,6162
3061,5470
565250,1140437
967330,1211636
1211636,1636959
12714,1211636
729,90037
71947,77277
23799,77277
5281,77277
9281,77277
59521,77277
5292,77277
72208,77277
35013,77277
220691,1288788
6046,15361
679,15361
15852,1213330
17178,1213330
17605,84763
17087,1156216
1011,1012
1011,115033
1011,51329
138,68215
27319,68215
2632,68215
57328,68215
16644,1206703
1081445,1085903
7623,1141683
19850,1141683
63772,224610
45405,221944
45407,221944
17883,19850
11649,19850
7623,19850
564,19850
19850,37917
7623,59291
7623,27571
7623,24173
7623,10828
7623,57581
7623,1293994
7623,932248
7623,19656
7623,37710
7623,1545927
7623,20310
7623,11770
108,7623
7623,11641
7623,11401
879,7623
7623,57193
7623,22676
7623,1046225
7623,80675
638,1032
53120,59328
578,638
638,36602
638,23532
638,3556
638,155357
638,934
638,4483
638,1158
638,7270
11770,58324
1243,112588
112588,994970
1474798,1474799
1344622,1474798
1474798,1603020
1344622,1474799
1474799,1603020
4720,1075786
2034,19866
19866,32250
19866,55379
39104,213357
3061,213357
19866,90607
213357,1968322
1957,19866
11401,213357
76242,2380389
19866,20028
879,213357
17282,213357
1032,2380389
6482,2380389
5281,2380389
1056121,2380389
37932,2380389
2128,139098
30614,139098
139098,1076793
51329,139098
190,52358
52358,930012
19536,52358
16847,52358
16644,52358
638,1018106
47506,1018106
35453,1018106
2461,1018106
64856,1018106
10099,1018106
6403,15254
4429,6403
59315,227108
15299,55934
15299,55941
1342445,1676969
36693,1030255
12786,1030255
45407,1155547
3416,1155547
1063,474199
37917,1299380
5723,1299380
44735,1299380
5292,196858
6162,107658
17439,162371
17051,162371
4491,162371
27319,162371
212,162371
2228,162371
59410,162371
7399,162371
51329,162371
524,162371
71947,109695
71947,72208
71943,71947
14386,71947
42138,71947
1243,41621
36602,41621
6159,41621
32278,41621
7467,41621
4762,41621
7166,41621
13520,41621
26849,41621
524,41621
5602,41621
5342,41621
3026,52599
5065,52599
13426,52599
940632,1810408
31493,137467
4385,31493
11090,31493
4600,31493
138,31493
280,31493
468,5469
31,468
468,56960
468,5470
18997,77775
3064,77775
54472,77775
1017258,1485823
31268,146745
7132,146745
3776,1320818
2352,3556
2352,130938
14386,106970
71609,444892
5281,51864
1896,51864
98,51864
5281,305750
88967,305750
18897,223533
62410,223533
2461,2712
1158,2712
6431,7499
5281,6431
4429,6431
3556,6431
224,6431
6431,183036
280,6431
934,6431
2293,6431
524,6431
6431,1405665
5010,6431
39,569
59,569
569,8685
569,41670
564,569
569,69845
569,4600
569,1035
569,54469
569,55499
569,5292
569,3416
569,11218
569,11770
569,87672
569,1233
569,7132
569,45400
569,138781
569,17142
569,64194
569,2690
103,569
569,5723
569,5470
74655,209513
84981,440517
1243,3776
488,1243
1243,59315
202,1243
1243,65452
1243,41670
1224,1243
564,1243
1243,86626
1243,11090
1243,5281
1243,78160
1243,78188
1243,5655
1243,8688
1243,5656
1243,54733
1243,21678
1243,1044255
1243,37917
1243,4135
1243,2746
138,1243
1243,98103
1243,2636
1243,56539
1243,16483
1241,1243
1243,53708
1243,52443
1243,1031944
1243,27319
1243,5367
1243,52849
309,1243
1243,45400
1243,90492
1243,2228
1243,52139
1243,22020
1243,59410
1243,2632
1243,54240
1243,12219
1243,54472
1243,27578
1243,139135
1243,1776
1243,167640
1243,74159
1243,994970
1243,15556
1243,44735
1243,5342
9281,96199
96199,1037308
96199,131239
11805,99496
524,930012
488,9032
569,9032
6046,9032
9032,11092
9032,10696
974,9032
9032,11012
1461,9032
9032,9033
957,9032
52605,84437
17087,1402972
5970,92015
4429,92015
1776,92015
3026,78040
21657,129718
6198,102445
26473,102445
4600,102445
102445,124783
20833,102445
1152,102445
589,102445
1776,102445
110,102445
1146,64751
19896,64751
880,15277
525,15277
10696,15277
7467,15277
7087,15277
957,15277
4483,15277
5723,15277
7904,1115959
78021,1617373
5602,1617373
20308,21981
20307,20308
21246,27992
224875,929616
4483,1424519
41039,1424519
3026,13524
55710,59026
11090,55710
23532,55710
55710,74619
55710,177475
30614,55710
21007,55710
55710,1186229
10696,1614855
224610,1614855
956,1884
1884,3061
1884,2163
1884,61363
1884,1907753
1103,1884
525,1884
1884,3556
1884,6340
323,1884
1884,15389
138,1884
1884,7467
1884,2945
1884,119665
1461,1884
1884,92784
1884,21007
1884,1896
508,1884
1884,22676
1884,2199
1884,19014
1158,1884
1884,139150
1884,5029
1884,38673
1884,5342
4385,4955
4385,39012
4385,932533
4385,12329
9777,76422
8654,76422
1614,57055
8654,57055
15488,90694
15488,119294
15488,206296
3064,15488
15488,1187602
12329,15488
52701,1281387
15277,52701
564,52701
539,52701
52701,1222393
66190,142312
7314,66190
5713,66190
15811,66190
608,66190
66190,69797
12890,66190
16384,66190
66190,66191
16483,23968
518,1407281
23968,54240
16483,1407281
17697,1407281
1049919,1081569
56205,168770
168770,985032
168770,1172366
5470,80586
2127,1302082
115033,1302082
59,3776
59,27977
59,1650
59,3125
59,37626
12238,36588
5470,36588
2127,26714
202,5953
202,9281
42,202
201,202
202,52849
202,67356
202,1461
202,1233
202,30614
202,60073
202,53684
202,7399
202,1776
202,5602
2283,82511
57755,82511
488,8685
20212,82511
3052,82511
19850,70301
82511,1136517
56322,70301
9994,70301
2690,8685
27578,70301
52605,70301
2036,24618
23799,96172
8246,96172
6046,8676
6046,20204
90,5216
90,8574
90,98
3776,65452
564,65452
15254,65452
1614,65452
525,65452
11701,65452
65452,119294
5345,65452
12238,65452
68,65452
65452,77965
65452,69488
11090,59026
20400,59026
62978,76242
990,62978
92012,1662226
92013,1662226
236605,1662226
129097,1081445
224,1081445
1049919,1081445
66228,1081445
92012,92013
971273,1140238
40863,971273
76999,971273
971273,1001384
31,971273
2127,67813
2127,1338249
2127,17825
2127,10051
2127,58189
2127,21657
2127,2128
2127,1113116
2127,21981
2127,55075
2127,17178
1243,1001384
102445,1001384
564,1001384
1001384,1033654
1001384,1031944
66605,1285174
5656,1285174
1285174,1586169
139135,1285174
15488,229604
43426,118463
99898,1187819
1177552,1682188
81856,84369
17141,81856
105435,130030
20019,129097
224,129097
366,432
432,21712
432,14392
432,4499
432,1704
432,13235
432,2303
432,20646
432,1454884
432,1461
432,12962
432,1152
432,13520
432,102634
432,11887
432,11151
432,934
432,18500
432,4483
432,15002
432,41039
2127,90591
2128,90591
1032,71797
6159,71797
2303,71797
17087,1162816
6767,82937
1461,1162816
6767,183036
578,880
880,2294
880,3026
564,880
880,12891
880,23532
880,7017
880,19303
880,5216
880,56539
880,4491
880,7467
880,556172
880,1893
880,1461
880,30715
880,472630
880,7270
488,137427
525,137427
2636,137427
115033,137427
4762,137427
137427,1215399
117642,137427
137427,206919
208113,1182669
78160,1581913
53708,1581913
1581913,1795072
1213167,1581913
1116251,1581913
212934,1581913
51533,1581913
6384,41670
41670,45400
32,41670
313,41670
5342,41670
11614,77147
19311,77147
578,7499
1038,7499
7499,125738
7499,69371
7499,1059571
7499,54040
7467,7499
7499,30715
2228,7499
1152,7499
7499,114540
7499,1978406
7623,17051
17051,59315
17051,51918
17051,77357
5216,17051
17051,69122
17051,19274
2228,17051
17051,21007
17051,52139
524,17051
17051,41039
17051,54697
13333,1963428
21134,54781
17141,54781
3950,54781
28898,30365
182,7018
182,999760
172,182
182,84554
2149,134129
2127,2149
2149,2679
2149,68020
2149,87776
2128,2149
2149,2150
2149,144304
2149,95550
2149,31123
178981,1358947
1032,893462
893462,1041223
1243,893462
2636,893462
227252,893462
147540,893462
234559,893462
190,1723
24,1723
1243,1723
1723,1724
1723,4610
1723,8328
138,1723
1723,16483
1723,5292
1723,39012
1723,12238
1723,21370
1108,1723
1090,1723
1723,1776
865,23799
1032,23799
16847,23799
138,23799
8297,23799
23799,61847
1461,23799
23799,1215399
3556,7482
9994,21475
1301235,1933266
139135,1447271
58448,62157
1628977,1911103
90583,90585
90583,90586
105643,204553
4429,9888
2303,9888
9888,22461
15217,34934
32278,34934
34934,40345
16384,34934
880,15217
12891,15217
6884,15217
15217,15218
59026,105643
15217,105643
1285876,1285877
95432,95433
16863,95433
56714,95433
34934,74863
929825,930707
865,66739
5469,66739
29922,66739
2945,66739
36811,66739
2838,66739
66739,144816
11091,66739
66739,1099862
65225,1046142
4135,8246
518,8246
8246,53334
8246,28866
4483,8246
1158,8246
7904,8246
15277,36602
23532,36602
11091,36602
190,389
7046,71600
22020,71600
865,9777
578,9777
9777,11649
9777,36425
9777,20019
19303,143958
20503,143958
19302,143958
3061,75131
33192,75131
75131,109439
3556,51918
6818,51918
8688,51918
5216,51918
2838,51918
30715,51918
51917,51918
40542,51918
51918,1978406
3110,17883
2294,3110
138,3110
2303,3110
3110,91343
1896,3110
3110,3111
31120,1243311
4491,84061
4688,36811
4688,9778
4688,109708
2034,87257
39,87257
87257,223516
57755,87257
76070,87257
17605,87257
578,6159
6159,59315
1270,6159
6159,6384
108,6159
31,6159
3087,6159
589,6159
934,6159
5602,6159
6159,15556
280,2163
5281,109695
45400,177532
31,177532
62863,177532
2199,177532
524,177532
7036,15557
508,15557
2228,1152054
7399,1152054
638,32983
1243,32983
32983,66605
32983,54733
4135,32983
1241,32983
5345,32983
1233,32983
32983,139135
1038,1243
1038,5281
1038,3556
1038,10781
1038,5292
1038,7467
1038,27319
1038,2461
1038,1461
1038,5344
1038,16294
934,1038
45419,1140272
5723,45419
2636,234817
6047,234817
234817,1038655
4760,97296
564,1650
564,6163
564,17141
564,59918
5655,26473
1158,26473
5723,26473
102109,148804
3905,148804
94916,94917
20746,66263
933262,933263
18878,1216558
190,1769
510,1769
1223,1769
1769,5953
1769,4429
1769,14392
1769,95977
518,1769
1769,13235
138,1769
1769,17242
1769,38803
1769,6201
1769,6384
1769,72125
1769,1193602
1769,28866
1769,80591
524,1769
1769,1776
1769,10757
1555061,2408537
23532,240740
1440271,1555061
129921,240740
1428024,1555061
240740,1299467
1177552,1555061
5470,933263
9778,65133
35013,1193597
17282,73035
9032,11011
11011,12891
11011,11092
6818,11011
819,11011
10995,11011
78021,1453505
11092,40684
40644,40684
30614,40684
38673,40684
933761,1260119
13015,95321
11614,95321
76422,95321
95320,95321
5216,95321
1028821,1260119
488,155531
55710,155531
11090,155531
108,155531
75286,1179723
488,12891
12891,47506
12891,17167
12891,1130788
12891,35468
6884,12891
12891,15218
12891,117642
12891,51533
30149,33315
488,30149
23968,30149
6159,30149
5065,30149
31,30149
110283,1152005
45421,1152005
859754,1152005
110343,1152005
141475,1152005
1044255,1152005
34110,1152005
136495,1152005
1893,1152005
5090,1152005
4720,38674
86626,91268
86626,147113
6384,86626
19274,86626
4720,86626
41039,86626
86626,132857
86626,1020767
44735,86626
18878,36425
578,36425
11694,36425
9032,36425
23968,36425
6767,36425
36425,57270
36425,168798
36425,71551
19274,36425
11091,36425
36425,51329
15254,39104
15254,17016
3556,15254
258,15254
15254,37626
1032,5953
5953,59315
5953,86626
5953,56578
5953,136495
5345,5953
5953,7467
201,5953
212,5953
5953,76070
1461,5953
5953,57691
5953,17142
4720,5953
5953,9778
5953,139135
1776,5953
5953,17605
32,5953
55710,217587
2636,217587
7467,217587
56322,217587
488,11090
2294,11090
7623,11090
11090,12891
11090,14999
4610,11090
4600,11090
11090,19303
138,11090
11090,47730
11090,52443
108,11090
11090,52842
11090,41039
15175,164554
42,164554
6884,164554
3492,19975
19975,51298
19975,78439
6384,19975
13520,113225
4945,6159
4945,5306
4945,56506
4945,7087
110,4945
1333,77357
7499,1065346
1065346,1284159
55499,1065346
74653,1107724
510,7879
7879,139474
7879,15774
7879,15811
608,7879
7087,7879
280,7879
7879,57646
18897,1167211
138,1167211
4720,1167211
85563,94471
30711,934281
114470,934281
190,11864
11864,13922
11864,204325
2127,132876
31,132876
117642,132876
518,77121
18023,77121
4566,77121
39189,55934
39189,98103
39189,84416
17697,39189
57581,58005
57581,231199
1032,119294
5970,119294
6818,119294
138,119294
119294,120226
69488,119294
1650,119294
12329,119294
19152,1219201
13520,1219201
4808,1219201
138,58552
7623,9281
9281,19303
5367,9281
9281,11218
9281,19274
9281,218737
1152,9281
12898,50583
11401,50583
19850,55493
33192,55493
24045,55493
19224,55493
55493,1280031
55493,139150
524,55493
35013,55493
7132,204325
26467,204325
865,939155
578,939155
2294,939155
87742,939155
7623,939155
57581,939155
7467,939155
12238,939155
57446,939155
189230,939155
893,939155
5602,939155
2419,939155
15217,17183
17183,19304
2228,17183
5140,17183
17178,17183
5010,17183
8395,1151353
142403,142404
2303,54469
5723,54469
45407,59315
190,18897
11090,18897
11701,18897
138,18897
16483,18897
11401,18897
18897,44916
11091,18897
18897,62410
4483,18897
18897,64796
3776,15389
1650,15389
15892,19274
224,455
224,1032
224,488
224,578
224,8858
224,23227
224,76070
224,10491
110,224
1184967,1193597
12180,230642
608,230642
16848,108952
1146,66605
518,66605
2283,66605
1233,66605
45400,66605
8844,72757
6159,8844
1150,8844
8844,10781
8844,45407
8844,30368
8844,12238
2461,8844
6384,8844
648,8844
3388,8844
5344,8844
8844,67367
31,8844
508,8844
1032,95977
6384,95977
11151,95977
1032,68020
5281,68020
488,5656
5281,5656
5656,78188
4429,5656
5656,14353
5656,122582
1241,5656
5656,39012
5656,18863
5656,45400
1650,5656
4483,5656
5656,7399
5656,78190
607,1936668
4762,1936668
679,15115
1243,1059571
5281,1059571
4600,1053404
1614,84075
53684,84075
6737,60074
15277,60074
1884,60074
60074,1187819
60074,86626
5149,60074
39189,60074
60074,113373
60074,66633
60074,220088
17087,60074
4491,60074
60074,90492
59410,60074
56322,60074
12219,60074
41039,60074
60074,139135
60074,109708
3776,143593
137427,143593
93396,143593
10757,143593
85666,4184717
85666,119819
6495,85666
81217,86164
53761,86164
5281,7488
51034,1485823
72952,87257
1032,83198
6159,83198
25598,77104
11181,77104
17016,77104
13367,77104
55439,77104
13333,77104
93106,234559
5524,12099
5524,12073
24045,220691
3061,61363
61363,1191348
61363,98522
15488,1016214
40476,1016214
107168,146110
20173,107168
88967,107168
934,61239
488,5281
5281,177532
5281,72024
1614,5281
5281,1056121
4429,5281
5281,5294
2746,5281
1241,5281
5281,122423
5281,5292
5281,11218
1233,5281
5281,36811
819,5281
1158,5281
4808,5281
5281,51329
5281,1211376
1380821,1571086
117841,939440
1037997,1079368
129561,1037997
107766,1037997
2878,26048
8676,1571086
8676,20204
8844,51851
30368,51851
51851,1144604
41039,51851
138,550162
578,47506
550162,2069821
12995,47506
98,550162
32278,47506
47506,1293994
15218,47506
47506,1213074
47506,149495
23532,33192
23532,57492
4491,23532
212,23532
23532,88967
15556,23532
23532,105647
5281,551989
2632,551989
97579,1038015
3492,82885
82885,131870
2171,82885
45400,82885
82885,931744
82885,184581
288467,1106255
1896,72024
1032,74623
74623,131521
19274,74623
53942,74623
74623,212208
59026,1907753
518,1907753
2636,1907753
3416,1907753
7467,1907753
1152,1907753
3290,3897
80602,2102249
95573,95575
4135,12833
4491,12833
4027,12833
31,12833
1152,12833
6163,12833
12833,937034
75544,139250
62897,238001
62926,585659
557100,1368897
488,3288
3288,19242
3288,19119
108,3288
3288,26481
488,29009
880,29009
6159,29009
4135,29009
29009,220088
4491,29009
4757,29009
17697,29009
1233,29009
29009,51329
61175,116370
9281,22215
22215,113373
22214,22215
212,22215
12219,22215
2636,123695
488,24173
24,24173
880,24173
24173,41670
12898,24173
21526,24173
1896,24173
24173,109708
1614,37917
1614,1617
1614,4566
1614,60099
1614,35013
5970,78160
5469,78160
2636,78160
4955,78160
23227,78160
16294,78160
2838,78160
78160,1318470
16483,1056121
135651,1056121
1056121,1140231
206919,1056121
939336,939337
31,128639
98104,939337
1893,1045176
19840,19841
3061,928885
86255,133048
133048,1524193
2034,7017
7017,12995
5294,7017
7017,76070
880,24294
61659,429728
74396,76325
87742,1932178
1056739,1932178
488,21712
21712,56857
15852,21712
5292,21712
7467,21712
11676,21712
879,21712
16294,21712
116881,130514
24,10828
2636,10828
10828,27319
10828,11218
108,10828
10828,76070
223,10828
10828,51329
10828,39516
1978,11701
1978,6162
59,229568
2303,10620
68,10620
558860,1198724
76070,558860
44735,558860
190,18997
11614,18997
7623,18997
6159,18997
42,18997
18997,24045
5216,18997
974,18997
18997,55789
957,18997
524,18997
61290,94177
37526,78188
2838,78188
30715,78188
45400,78188
78188,78190
1103,2461
366,11092
488,11092
956,11092
578,11092
11092,11181
11092,11694
11092,36425
11092,17825
11092,11701
11092,82194
8844,11092
11092,934803
7256,11092
11092,37932
11092,202816
957,11092
11092,65734
11091,11092
1776,56349
141963,141964
141962,141963
16847,87494
525,578
525,638
525,15217
525,77863
525,10828
525,136495
525,1158
525,559
3061,16863
103,16863
524,16863
455,85203
578,142312
17825,142312
6884,142312
142312,1262481
94342,1546979
94342,942251
7467,10855
280,10855
56205,159767
55439,159767
26076,38785
26852,1140238
26852,31268
26852,76999
3110,26852
12898,26852
21657,26852
190,1057984
1032,1057984
17825,40223
17825,17883
488,17825
17825,61069
17825,1155547
17825,137427
17825,229482
17825,930710
12898,17825
17825,57630
17329,17825
17825,115033
17825,21981
17825,17871
17825,1394656
17825,62854
17825,20739
17825,1129908
17825,89576
17825,1365066
2675,2679
2150,2679
17835,39189
17835,47730
13524,17835
17835,1571086
17835,52849
2632,17835
7399,17835
15452,666935
39,122029
3897,122029
122029,1305138
98750,122029
1498662,1593336
1498662,1611614
2303,4429
201,4429
150,4429
4429,76070
2838,4429
3897,53935
53935,95022
1158,53935
38673,53935
865,19242
819,19242
19242,57113
488,17167
1038,17167
26775,99436
17167,23532
18897,26775
17167,1907753
4491,17167
17167,23881
6384,17167
55934,71082
55934,89847
55934,84740
6884,55934
55934,1052583
280,55934
55934,55936
55934,1097660
3897,62768
36425,62768
11401,62768
36669,62768
5953,1685190
2294,99436
4385,99436
33192,1413704
138,99436
6201,33192
607,99436
10943,33192
11401,99436
33192,71872
33192,114334
550858,3064243
5294,6482
5294,7018
5294,13015
488,5294
578,5294
6159,936622
5294,11694
5294,7623
5294,71947
5294,51864
1243,5294
5294,15277
5294,36588
5294,6046
5294,12891
5294,70500
5294,43141
5294,5872
5294,79434
5294,55499
5294,1192893
2283,5294
3224,5294
5294,11218
5294,108346
5294,20307
5294,53333
5294,1173102
1896,5294
5294,42138
5294,29226
5294,44735
929825,1191348
30715,1191348
5602,1191348
4762,91569
543261,1294862
5953,19416
19416,1138699
11701,59803
7879,59803
59803,1758713
21879,59803
15812,59803
15775,59803
35013,59803
880,1031463
33192,1031463
37932,1031463
19274,1031463
117642,1031463
21411,1031463
89847,1286797
89847,1174074
11266,15217
9340,11266
7832,11266
11701,96677
96676,96677
41670,56857
578,935896
258,935896
309,935896
7482,14392
5469,14392
6384,14392
14392,54839
3061,132964
37917,132964
80591,132964
488,1333
1333,65452
1333,17051
1333,4610
108,1333
1333,1571086
1333,166995
1333,17605
110,1333
59,928490
47640,2112237
5281,204250
15521,204250
879,158938
158938,183760
9158,26481
56661,116805
55710,1640646
7399,116805
19769,33192
41039,116805
17141,1640646
8688,19769
19769,1936668
16483,19769
19769,203285
19769,47640
19769,80675
23287,113570
113570,230987
56714,113570
44735,113570
5294,229702
2294,145221
55476,229702
138,145221
1243,10696
59,10696
531211,1081077
224610,927706
22383,927706
13496,130030
1241,13496
13333,13496
116805,1341911
57492,1341911
17087,1341911
41039,1341911
1748,72757
1748,12891
1748,4135
1748,36811
1748,52139
1748,7399
5696,72624
488,1035
1035,2226
1035,33192
1035,1150
1035,8328
1035,2636
1035,57755
68,1035
1035,70520
1035,1776
76070,139250
139250,1173102
139250,1907068
1150,118303
488,1150
578,1150
1150,5656
1150,122582
1150,8328
1150,65677
138,1150
1150,2636
1150,11770
1150,30715
1150,57446
1150,1152
1150,1158
1150,1776
125738,549310
488,1464449
6159,1464449
865,5655
1038,5655
3556,5655
5655,13922
5655,5656
5469,5655
138,5655
5655,38803
309,5655
1461,5655
31,5655
819,5655
5655,37626
5655,7399
5655,8654
524,5655
142272,142276
24045,142272
142272,1823051
11090,57633
4491,57633
578,6818
6818,999272
6818,17051
6818,37852
2303,6818
608,6818
258,6818
1650,6818
6818,10249
18533,204484
91394,204484
488,8688
8688,10828
8688,11218
258,8688
17697,79033
1243,13922
1038,13922
518,13922
13922,26457
13922,15218
13524,13922
578,82194
108,82194
98,16378
10757,16378
323,4723
323,2034
323,5953
323,1907753
323,5065
323,3556
323,10781
138,323
323,2636
323,7467
323,92784
323,934
36693,84021
13333,36693
68215,138776
309,233108
19152,102109
96439,102109
103,102109
1212522,1293994
103,90037
45405,45407
1243,1191719
15488,1191719
15254,1191719
930567,1290451
608,1290451
6162,69371
36669,69371
1461,969493
488,1758713
7623,56851
608,56851
774,1724
774,16483
31,774
774,18281
15488,78054
7087,59357
488,32278
880,32278
32278,37932
11770,32278
32278,1179066
7132,32278
32278,1823051
74863,89596
14999,80762
55936,88823
19416,61542
16378,88743
488,1286540
24,1286540
204484,1286540
1286519,1286540
5342,1286540
2632,58689
7399,58689
1243,88926
36811,60949
2632,60949
84075,115128
71551,115128
2632,115128
41039,115128
115128,1400880
2128,1182311
488,934803
103041,934803
19303,934803
934803,1413704
55499,1911436
930710,1115959
86626,930710
31,930710
543261,930710
44735,930710
1152,220691
137427,1018332
880,144221
1884,1288705
2036,43141
190,82286
1032,82286
2303,82286
6111,82286
59,18865
18865,66739
18865,58189
2419,18865
37917,54733
44735,54733
4135,1063956
21657,55520
14597,1978406
24,7036
7036,9994
12095,1046494
5281,1301933
508,1301933
1301933,1709455
21678,37917
21678,222686
1071,3556
31,1071
524,1071
20173,229519
2838,229519
98,229519
59,145821
16847,1293994
1461,1293994
12898,68574
3905,68574
1704,146439
74924,144519
40863,101543
101542,101543
101543,1001384
6767,101543
71548,101543
3776,88750
15488,88750
88750,95519
17277,88750
88750,230300
130253,209879
90609,209879
53068,209879
209879,593079
30614,209879
209879,930526
578,999760
1243,999760
957,999760
525,42993
5655,1555636
42993,91343
10828,51023
51023,62797
55934,1063377
96439,1063377
4491,1063377
5345,1063377
17697,1063377
1158,1063377
212208,1063377
13922,51298
26457,51298
51298,55789
21657,51298
3087,51298
51298,56322
51298,105648
51298,51329
3776,558062
1243,558062
2636,558062
558062,1058066
17087,558062
115891,558062
309,229873
1087685,1213573
19303,142192
14999,1284159
138,14999
4955,14999
11770,14999
14999,16294
4014,14999
11161,14999
14999,64035
5723,14999
589,264113
54507,1365760
121798,1365760
119294,1521952
488,19536
52691,1033661
1033661,1152981
58897,1033661
16214,63937
13922,63937
14405,63937
51965,63937
21411,63937
18844,66512
66512,70575
60922,66512
190,4610
488,4610
4610,7623
4610,10828
4600,4610
3556,4610
4610,16483
4610,203285
4610,135795
59984,90694
17051,1028244
108107,550475
20019,24045
20019,72208
4566,20019
20019,35550
20019,26467
59315,111686
449,111686
111686,1571086
17605,111686
110283,995566
564,995566
558860,995566
45405,995566
19303,995566
995566,1136502
40863,1033654
16860,1033654
592318,1033654
5602,1033654
1032,4600
4600,18184
4600,27571
4385,4600
4600,4784
4600,54469
4600,83198
4600,39012
4600,5344
4600,66212
31,4600
1776,4600
3556,17016
5469,17016
17016,53334
1152,51679
51679,1395183
4784,11701
11701,11864
5292,11701
4491,11701
11701,225009
879,11701
1152,11701
11701,1215399
11701,35013
1098037,1098038
1098038,1449665
6495,38804
1158,38804
5369,38804
9281,15852
15852,39819
1152,15852
1896,95024
76245,95024
95024,533061
812068,1288345
190,4784
488,4784
4784,930707
1038,4784
4784,4945
4784,69371
4784,5656
4784,7036
4784,13235
4762,4784
879,4784
4784,67367
4784,45400
4784,5602
4784,212208
1896,65594
57030,65594
54472,65594
117841,220691
17087,117841
53708,117841
16644,98132
98132,99805
488,1074721
24,1074721
1074721,1710473
1361219,1363726
16384,95255
2283,971292
1243,3556
59,3556
3556,21678
2636,3556
3556,27319
3556,938835
3556,5470
15218,37852
879,37852
4762,14353
2636,143011
143011,454177
78021,143011
24045,142276
142276,1823051
578,70500
58220,70500
3224,70500
7467,70500
31,70500
934,70500
893,70500
17605,70500
70500,212208
70500,1391986
880,2766240
3905,2766240
525,1145214
201,1145214
30310,1571086
14887,30310
16863,56383
4784,56383
37917,56383
44735,56383
4491,18356
71947,239794
10781,95022
10781,13333
20659,20709
20659,120226
2228,20659
37526,588828
518,8186
59811,568322
59811,118303
59811,66190
59811,1407281
59811,135113
36425,59811
59811,62768
50583,59811
59811,1911436
59811,1301933
54507,59811
59811,86255
18898,59811
59811,1300274
55789,59811
11012,59811
59811,995462
59811,932088
55075,59811
35550,59811
59811,1732141
59811,1028821
59811,1214840
366,32796
3288,32796
13235,32796
32796,82839
29605,32796
32796,50767
5174,32796
32796,45037
32796,36797
1032,17183
488,17183
510,17183
17051,1179824
17051,1179822
22215,1179822
16863,82337
37917,82337
82337,1115333
82335,82337
82337,98522
17051,1179823
82885,1044255
22461,1044255
107766,1044255
55934,1174074
132856,1079368
3556,18596
518,18596
1158,18596
1462,37917
1038,37917
4784,37917
7467,37917
20387,37917
5344,37917
37917,225009
2171,37917
2838,37917
2228,37917
37917,1369361
37917,98521
37917,2219327
37917,228134
37917,44735
59,59521
59521,90591
23532,59521
21657,59521
58982,59521
1032,95687
488,1044835
2636,1044835
569,1331163
116805,1331163
1301933,1331163
66074,1331163
19003,57492
19006,57492
57492,71797
57492,71600
12891,57492
57492,84369
64141,79434
4135,550684
4135,5306
4135,5469
1241,4135
4135,556172
4135,4483
4135,20204
4135,5470
8328,16938
190,8328
1032,8328
488,8328
2226,8328
8328,15217
4135,8328
138,8328
8328,30715
1152,8328
8328,58728
8328,10491
1776,8328
50719,66681
50719,1039527
50719,126620
40864,130030
40864,65452
5656,40864
17883,1192754
84931,1192754
59291,62157
58873,62157
57130,62157
21712,105338
1150,105338
51864,51866
51866,1113116
65314,227910
1776,227910
865,1607672
2127,1607672
51023,1607672
59315,131870
468,131870
66555,131870
45400,131870
9994,131870
131870,184581
95101,131870
2163,3417
3417,15218
3417,7132
3417,163496
1032,224644
6159,224644
5469,30309
5469,8557
39,5469
488,5469
5469,87257
957,5469
5469,112201
5469,54472
5469,57199
17883,19303
19303,112588
564,19303
5281,19303
4429,19303
1748,19303
138,19303
19303,53267
19303,20503
19303,91343
19274,19303
4566,19303
19302,19303
2632,19303
1357,1770139
488,52609
52609,62926
18897,52609
3905,52609
3061,56412
56411,56412
21863,96439
564,56411
30614,56411
1893,1551545
4566,12898
17051,1813459
224610,1813459
7879,66193
66193,71267
66193,69797
66193,104644
66193,76595
71267,217174
42694,1782110
10995,58901
1032,1224031
578,1224031
893,1224031
223,1224031
1704,1758713
1704,21879
1704,17597
1704,7399
1333,5892
5892,117642
488,518
518,3388
518,543261
518,934
518,9994
103,518
518,524
518,163496
518,95101
518,7904
123798,1571086
16847,16848
16847,120245
488,16847
578,16847
2294,16847
11090,16847
4610,16847
138,16847
6384,16847
150,16847
6869,16847
5602,16847
11401,70575
1769,38516
17141,59651
5723,59651
3556,18355
6384,18355
9778,18355
1038,15148
7623,55499
2303,55499
6384,55499
98521,1907318
1136517,1907318
1152,54868
14386,1284498
51329,1284498
13235,939337
13235,558860
5469,13235
13235,26457
13235,27319
11218,13235
13235,20750
13235,17494
1461,13235
13235,57446
13235,20212
13235,105648
13235,161932
5723,13235
13235,57199
11218,1003190
8023,124747
2746,4483
1158,2746
488,124747
65629,65630
9281,72034
5575,72034
35013,72034
124747,124748
54025,130030
54025,102445
17496,54025
28249,54025
54025,66728
54025,57434
54025,63713
190,968666
5723,968666
7256,9778
587,11478
66681,1039527
66681,1039528
66681,1039529
36425,1413704
525,1413704
23227,1413704
1233,1413704
53333,1413704
1243,15175
3556,15175
2636,15175
15175,16483
15175,39012
2176,15175
68,15175
1650,15175
6039,15175
1158,15175
15175,67752
1776,15175
3776,24492
1039527,1039528
1039527,1039529
8328,24492
1152,24492
11614,2417656
138781,2417656
488,109857
854884,1311564
854884,1193499
129543,854884
227162,854884
33640,854884
88943,854884
1208178,1208179
81850,89386
34110,57755
34110,1215399
15556,34110
34110,1257523
1060223,1522546
6733,57130
42,1243
42,4453
42,65879
42,98522
2719,1558077
45407,82226
4135,82226
27319,82226
82226,202816
1351011,1448393
224,1351011
15852,17329
819,17329
17329,51329
1053901,1649427
488,40256
569,40256
11701,40256
879,40256
7132,40256
10828,1821621
16847,1821621
54025,1821621
39012,1821621
60949,77089
4491,77089
22214,77089
12219,77089
138,3776
138,1032
138,488
138,4385
138,5281
138,525
138,3556
138,2636
138,5292
138,7467
138,27319
138,39012
138,11770
138,2461
138,8297
138,11401
138,16644
138,1461
138,92784
138,224610
138,1152
138,3125
138,35550
138,20921
138,5602
10051,16848
10051,59291
488,10051
578,10051
10051,26875
10051,21183
10051,11770
5140,10051
224610,645348
1270,15852
323,1270
1270,18023
14386,1177544
5306,1212755
81082,1416383
11343,53267
53267,60025
47826,229568
47826,1397397
1957,47826
3897,135601
10828,135601
24045,1529110
488,24045
17051,24045
525,24045
7036,24045
19274,24045
1152,24045
13520,24045
11694,932248
95022,1030260
880,932248
932248,1046225
19536,58873
18897,58873
1158,58873
1776,58873
510,1211781
11694,1211781
7623,1211781
8676,1211781
55934,1211781
4945,1211781
32278,1211781
1211781,1293994
55499,1211781
109857,1211781
11343,1211781
6884,1211781
52443,1211781
11218,1211781
17633,1211781
1108,1211781
64141,1211781
7775,1211781
7399,1211781
56842,69488
5216,19303
2636,5216
5216,6384
5216,76070
1893,5216
2228,5216
5216,51917
5216,21007
5216,123997
22214,113373
59410,113373
56322,113373
41039,113373
113373,212208
5281,1389015
366,7865
2294,7865
7865,11701
934,7865
3776,98103
98103,98104
98103,105435
15389,98103
98103,104561
98103,116267
76070,98103
4762,98103
14887,98103
280,98103
21007,98103
7399,98103
44735,98103
38516,201279
12238,201279
201279,1053901
1776,201279
23315,28898
1167470,1412121
4955,11770
4955,13333
2636,1821621
2636,1426585
2636,39012
68,2636
1650,2636
92561,1046935
52849,116076
1243,502188
8858,11614
3026,8858
8858,116805
4600,8858
8858,56205
8858,52443
280,8858
8858,11887
2690,8858
17242,38803
1776,17242
10757,163998
524,53334
3047,20212
3045,3047
3047,58094
16848,27226
5140,27226
6361,20239
6361,58689
6361,20750
6361,17141
4483,6361
6361,17836
562695,1554277
20907,21183
1884,21183
21183,90694
1035,21183
21183,1413704
42,21183
1241,21183
5292,21183
6384,21183
1634,21183
21183,30614
21183,56960
21183,38673
5470,21183
236859,1413704
35468,136183
1884,35468
3776,145057
35468,35550
33192,109439
57755,109439
55710,57130
1065549,1089843
7395,7396
8858,57130
879,57130
21007,57130
7399,57130
51329,57130
41039,57130
3061,29214
57130,1317388
29214,54507
29214,69122
19274,29214
20739,29214
29214,38673
589,7396
7396,54697
2632,1550265
156952,972404
834,1426585
94045,1426585
38673,90178
90178,1074867
939440,1064947
146110,1064947
117841,1064947
27578,933739
7314,12238
608,7314
280,7314
7314,53304
32,152414
973,14999
973,974
957,973
974,4566
10702,18897
10702,57270
2461,10702
893,10702
190,1036315
13235,983909
8858,983909
13524,983909
3388,983909
983909,1423660
45407,303064
48507,1172253
190,66633
59410,66633
101911,224610
589,101911
6575,19656
19656,1284159
518,19656
19656,24045
21161,47652
21161,1068341
1748,57604
57604,220088
1461,57604
19274,57604
2632,57604
7399,57604
15217,220088
52849,220088
220088,1003843
220088,1136517
3416,28898
36425,1898315
1158,28898
562141,1211636
2176,16785
16785,32203
1776,2873
92012,985032
92013,985032
56205,985032
55439,985032
172,586002
172,2034
172,137467
172,55251
172,11181
172,468
172,15488
172,65452
172,105435
172,11090
172,11701
172,163998
172,4575
172,1893
172,15602
172,64194
172,83287
17051,109402
1032,24657
2461,24657
8966,24657
12329,24657
5149,183036
37710,72757
37710,1907753
16644,37710
37710,140617
7904,37710
17141,154521
1032,56539
56539,177532
56539,220088
4491,56539
52849,56539
15556,56539
5010,56539
1032,5713
5713,5723
971292,1028309
129097,1098477
16483,29605
4491,29605
1266175,1827948
4955,40541
40541,105866
7623,1306608
6431,1306608
510,104561
14887,104561
68,9054
5029,9054
8636,9054
38673,566328
108,74060
18533,226622
226622,238960
1180535,1180536
1180535,1717627
32203,62369
565382,1200481
39,1305138
58689,1305138
2303,3556
2303,1310844
138,131617
21411,29922
78021,103312
53177,1389033
11701,12786
12786,15852
12786,16483
6884,12786
3388,179632
6384,1443611
69237,69238
2589,69237
1724,16483
4135,16483
16483,1551545
16483,16847
2461,16483
16483,16644
16483,34517
16483,1215399
16483,589402
16483,27846
16483,575678
16483,135651
16483,1257523
190,562695
31155,562695
9032,562695
4610,562695
4600,562695
5216,562695
2636,562695
109402,562695
11091,562695
59330,562695
97618,562695
10491,562695
2719,15852
2719,16483
2719,5292
5469,76009
4232,76009
6201,1577184
3125,17087
13333,17087
1032,1241
1224,1241
1241,32278
1241,15175
1241,26095
11873,23532
11864,11873
17812,30614
819,17812
20212,497737
9778,29783
29783,44735
488,11343
11343,15488
11343,58873
11343,27319
11218,11343
11343,12238
6162,11343
2228,4453
4453,65879
1721,18878
578,1721
1721,2294
1721,934803
1721,50719
1704,1721
1721,12988
1721,58498
1215,1721
9777,66121
37932,66121
9778,66121
2535,66121
5387,11649
5387,1141683
5387,27992
5387,6767
5387,52049
3290,5387
5065,5387
5387,54733
5387,59521
5387,57130
5387,76009
5387,11012
5367,5387
5387,83985
5387,17871
5387,7399
5387,51329
934,20646
17051,58189
15345,58189
9778,37932
33528,567558
103,122423
7467,30586
30586,30614
75960,1340023
38023,66555
5470,27889
84739,84740
21677,27889
5292,7499
5292,20019
5292,17087
5292,17812
5292,5344
5292,16294
5292,7132
31,5292
1152,5292
3087,5292
934,5292
893,5292
5292,6495
5292,5369
30309,47730
47730,76242
47730,1571086
6431,108205
5602,108205
1032,76965
2034,76965
957,76965
1884,1137903
36588,1137903
11701,1137903
5216,1137903
2228,1137903
81850,1137903
39,2283
1243,2283
2283,54733
2283,5292
2283,3416
2283,21134
108,2283
2283,17697
2283,1571086
2283,556172
31,2283
2283,4566
2283,4483
103,2283
2283,44735
14386,1566466
7,569
7,12891
7,11092
7,7879
7,8
7,12890
7,16384
7,165787
7,84496
7,7929
1788573,2018919
30309,1140476
25598,1140476
4760,1140476
224,1140476
1140476,1187602
6495,1140476
71082,1200558
16294,81727
488,50767
50767,69371
1893,50767
50767,1403179
30614,50767
2636,28249
16384,28249
2293,28249
5602,28249
3061,71570
113225,136495
524,1309008
1032,131946
81476,131946
44735,131946
35013,1510955
6884,58448
6884,14392
6884,53068
6884,53069
6884,1137903
3416,6884
4491,6884
6884,72208
6884,23964
6884,15774
309,6884
6884,71068
6884,30614
4491,1075786
1243,3416
3416,129718
4491,14405
3026,3416
3416,96172
3416,8246
1201,4491
4491,7399
3416,1284159
4491,41039
3416,17016
32,4491
3416,5572
3416,19707
2228,3416
2880,3416
3416,6162
3416,51329
3416,139135
3416,7270
880,72208
3416,72208
4491,72208
31,72208
14386,72208
4720,72208
72208,135651
21007,52934
1243,5572
4610,5572
41039,52934
5572,50583
135795,963482
3224,12238
3224,224610
3224,53863
3224,4483
488,607
607,55916
69122,1003236
39058,43993
5524,1580896
11614,18898
24,18898
12824,18898
15812,18898
131388,131397
98522,131397
1197572,1353802
1748,1216745
52139,1216745
224610,1063932
585272,1063932
163496,1063932
2636,39298
10249,39298
5292,54040
879,54040
607,1094766
55251,1906015
16483,1906015
1884,5345
1233,5345
103,5345
5345,38673
16848,64227
56661,64227
17051,64227
64227,177532
64227,74619
18384,64227
64227,69237
52934,64227
20193,64227
19274,64227
54734,64227
62863,64227
19311,64227
62854,64227
1579,83281
212,177475
59410,177475
56322,177475
41039,177475
9778,52112
15488,53708
53708,56383
17141,53708
455,95022
569,95022
81850,95022
19006,84369
18533,84369
569,84369
1884,84369
71797,84369
6818,84369
12073,84369
53684,1039433
8029,57755
8029,56322
17883,52850
20907,52850
569,52850
26473,52850
1027910,1403129
5342,1027910
468,1403129
1038,1403129
1032,71548
71548,71551
1650,71548
11325,81882
36811,73832
93396,119396
59,35453
18865,35453
17698,35453
2228,35453
17605,35453
35453,50949
1884,119368
119368,177532
119368,144009
17141,119368
19014,119368
5696,18161
16808,18161
128947,976118
578,576537
239574,576537
52443,56205
138,52443
1461,52443
11887,52443
52443,57193
27578,52443
488,15774
510,15774
7087,15774
1579,96222
11649,168798
1243,168798
11011,168798
9281,22214
4491,22214
539,22214
22214,1222393
21007,22214
22214,56322
22214,51329
16860,39819
1001797,1001799
1152,930695
54614,239418
230300,239418
3753,1907753
3753,12898
3753,24657
2461,3753
3753,4483
1158,3753
19119,19684
19119,101399
3061,19119
19119,137427
11701,19119
17520,19119
18897,19119
18865,19119
17496,19119
138,19119
19119,27319
19119,56225
103,19119
524,19119
19119,21126
23532,52935
52935,1293994
18878,57727
18897,57727
57727,62410
19274,1254001
865,7467
1032,7467
578,7467
7467,20907
7467,7623
7467,15217
4135,7467
1704,7467
2636,7467
7467,21085
201,7467
2228,7467
7467,57446
7467,13520
819,7467
3125,7467
103,7467
2978,7467
7467,44735
488,12180
608,12180
56349,56353
1464827,4367087
488,2878
2878,7036
2878,24657
280,2878
1776,2878
18863,52803
52803,209513
7399,52803
11181,1187130
54472,1187130
223736,1007686
2228,223736
16391,223736
71797,479588
479588,1782147
44735,239075
4491,61921
21657,61921
26061,55789
149887,1344622
488,291263
11614,291263
5281,291263
11092,291263
2636,291263
22214,291263
11770,291263
3388,291263
291263,1795072
5140,291263
4720,291263
132856,291263
206919,291263
57646,291263
22810,173298
215726,1662226
18250,22810
2712,1107724
113373,1104837
16294,1104837
59231,141513
1241,57206
5470,57206
20239,130482
524,223747
90856,1968322
13922,1968322
71082,1161214
30715,1161214
5602,1161214
1056121,1144604
57755,1144604
149495,1144604
135651,1144604
569,53477
1233,53477
103,53477
38803,1193602
37872,38803
1776,38803
510,12079
7623,12079
5524,12079
12079,587699
68,1344622
57492,1094821
51965,937340
17087,1140442
21085,51329
2034,76813
76813,85670
39104,99143
190,21134
21134,72208
4429,99143
21134,52605
4955,99143
74971,99143
64061,230542
11012,19152
11012,21657
11012,64141
11012,54710
11012,15556
1304213,2408537
1304213,1440271
1304213,1428024
1177552,1304213
455,5367
3417,5367
5367,12898
524,5367
5367,5369
7879,21198
7087,21198
5723,130750
124830,124831
1032,227564
1032,65225
9888,227564
525,227564
19859,65225
227564,983909
4762,227564
56206,227564
12538,41887
12538,219861
24,12538
10828,12538
10781,12538
12538,98537
12538,40256
12538,42712
5572,12538
5345,12538
12538,111094
12538,18250
5501,12538
12538,52968
12538,74638
12538,36797
31,12538
2228,12538
12538,114597
12538,57446
12538,62514
2632,12538
893,12538
12538,54472
59,8395
8395,12891
8395,15852
138,8395
61363,89824
190,449
449,11649
449,8297
449,19274
449,54734
449,7399
449,41039
69741,557883
1748,87081
118303,234824
10828,234824
20173,78012
20173,56205
224,20173
57434,1272849
15912,100388
1579,15912
2226,11218
1884,11218
11218,39012
258,11218
1461,11218
31,11218
11218,130140
14999,80219
80219,1212522
80219,204761
53120,80219
80219,939306
7467,1098658
201,1098658
1098658,1717526
3061,6201
6201,72624
31,6201
6201,14386
6201,1136517
17697,1485823
366,39012
190,39012
1032,39012
17883,39012
488,39012
11614,39012
1243,39012
564,39012
1769,39012
11090,39012
10828,39012
39012,116805
4784,39012
5655,39012
39012,204484
39012,1293994
4491,39012
7467,39012
15218,39012
39012,67367
11091,39012
1650,39012
7399,39012
1776,39012
5342,39012
43993,55379
5294,58005
12238,25598
12238,58220
4385,12238
5281,12238
10828,12238
525,12238
2461,12238
12238,21370
11401,12238
4762,12238
1776,12238
974,1276373
488,4027
578,4027
4027,11181
3026,4027
4027,10828
587,4027
4027,26713
4027,7132
31,4027
201,27319
201,258
201,19274
201,4720
1032,69696
1884,69696
2712,1297488
19536,1297488
2461,1297488
60074,1176379
20750,1176379
1650,1176379
4720,1007686
1007686,1319442
1152,3210
10765,78439
21960,78439
1063,78439
84451,189230
3064,3110983
20503,61300
55710,110876
986586,1170861
986586,986587
880,20503
15277,69122
12833,69122
8844,69122
518,69122
5216,69122
6384,69122
212,69122
19224,69122
8654,69122
12073,69122
5602,69122
937811,937830
1748,937811
2034,11770
11770,98631
11770,137467
11770,143031
488,11770
11770,74655
11770,1302082
2127,11770
11090,11770
11770,47506
11770,1907753
10828,11770
11770,57581
11770,15175
11770,21183
11012,11770
11770,15218
2176,11770
11770,71872
11770,1423660
11770,558929
11770,1094069
11770,1636959
11770,53120
11770,21684
44735,57454
4483,81256
12891,1193554
13922,1193554
23430,1169024
6431,1169024
24,89027
525,539
539,59413
190,20750
20750,59466
11614,20750
11649,20750
564,20750
11864,20750
20750,45407
4135,20750
4491,20750
20750,52443
20750,239418
11770,20750
20750,206296
1461,20750
5140,20750
20750,105648
20750,163496
17178,20750
20750,44735
130051,995462
31155,995462
23287,995462
12995,995462
638,995462
995462,1155547
26714,995462
59026,995462
90591,995462
36602,995462
29009,995462
142272,995462
142276,995462
995462,1607672
17812,995462
23964,995462
52935,995462
291263,995462
21370,995462
995462,1317685
995462,1317686
5501,995462
68167,995462
51984,995462
59413,1222393
27992,89250
929825,1136502
11864,439915
1233,3230
24045,131521
76070,131521
114334,131521
524,131521
68929,1023724
74971,1023724
116330,228643
18533,116330
71797,116330
6818,116330
69237,116330
17087,116330
19012,116330
3388,116330
4135,212165
942251,1546979
38782,1546979
5281,1060643
17087,1060643
7879,15810
15810,15811
15810,1416383
15811,1416383
97579,1145520
109314,1145520
1145520,1280021
3556,1579769
1081077,1579769
280,1579769
1152,1579769
1068466,1579769
21657,929825
1032,21657
12995,21657
3061,21657
17835,21657
21657,77357
21657,125738
21657,82194
3417,21657
2636,21657
5292,21657
21657,52443
15287,21657
1461,21657
21657,472630
21657,81850
17178,21657
1748,991808
53761,991808
7396,60663
6159,17494
4600,17494
9778,65134
17494,60949
4491,17494
2632,17494
1010002,1178788
32278,134678
13426,16483
15218,16848
15218,40223
15218,19975
14999,15218
15218,19536
15218,95024
9281,15218
15218,18355
15218,16483
15218,20750
15218,57113
15218,543261
15218,78021
7399,15218
15218,51329
15218,27578
558929,1199903
1056739,1199903
1136517,1199903
4720,970156
970156,1978406
17835,116267
39189,116267
116267,182327
6159,23881
13520,23881
42804,99710
8311,42804
2461,72757
2461,56205
2461,4135
2461,1413704
2461,17087
2460,2461
2461,58094
2461,2690
2461,8654
23684,587970
151007,587970
23684,68215
17605,31119
1032,34510
578,34510
68929,1138244
144492,144493
64194,72156
36811,130687
4720,130687
9778,130687
130687,1136517
59,8392
119294,144492
488,125324
37917,125324
1071,1297493
30715,125324
84546,125324
5602,125324
3776,582314
488,582314
11614,582314
578,589479
4483,133259
1158,133259
1748,1243721
1265909,1564198
8297,10620
7036,8297
8297,11770
8297,58245
61847,2431936
2294,61847
57454,61847
61847,126501
1204410,1571086
102445,119665
564,119665
19304,119665
23799,32205
32205,1413704
8688,18863
18863,44114
13333,560088
138,1210377
1032,6384
6384,7623
564,6384
525,6384
6384,19769
6384,10943
6384,11401
6384,40644
6384,7132
1158,6384
6384,53177
1776,6384
5602,6384
578,46076
1241,222686
76070,222686
45400,222686
7904,13524
39,1182269
58689,1182269
98103,1182269
1182269,1187130
1182269,1571086
71068,1182269
55476,1182269
974,21370
2461,21370
21370,224610
1158,21370
12219,15452
973,206296
1230367,1561511
13235,1156209
2690,1230367
2283,1156209
1096867,1539858
1034086,1096867
98,91343
488,5174
510,5174
3026,5174
518,5174
2176,5174
5174,18500
56891,1571086
4757,11181
4757,1253596
4757,37259
3125,4757
11770,78136
4135,18250
38023,123795
1844,16938
956,1844
1844,26205
1844,21394
1844,20907
1844,23799
1844,36425
1844,18072
357,1844
138,1844
1844,42712
1844,19656
1844,18161
1844,53348
1844,15810
1844,15811
1201,1844
1844,4014
1844,72427
488,608
608,10828
608,1033661
608,5655
608,139474
172,608
7,608
608,69797
608,12890
608,81718
608,53304
608,5602
608,57646
865,2460
880,2460
68929,91394
2283,36804
60074,1057655
115128,1057655
55499,62824
27226,62824
1199952,1570400
648,15175
648,3087
648,1650
648,81317
36669,1413740
488,8686
8686,10828
2636,8686
212,5367
212,52849
212,59410
108,2636
108,81882
108,16384
108,1419579
108,1776
55499,125032
64141,125032
5620,51965
19303,1412121
865,17697
17697,17883
488,17697
880,17697
17697,45419
14392,17697
5216,17697
17697,89027
17697,30711
17697,25703
1893,17697
1461,17697
17697,17698
17697,19224
12219,17697
17697,51329
17697,95101
17698,1714926
3776,27977
190,56998
56998,69122
11770,56998
11401,56998
230339,565250
230339,1140437
5501,1907753
5501,15852
31,5501
5501,17764
4483,5501
66605,66800
5292,66800
1893,66800
1179422,1290265
880,2176
20019,60545
1357,13015
1357,11614
1357,15277
1357,8246
1357,4429
1357,17016
1357,5216
1357,163998
1357,20310
607,1357
1357,1081077
1357,28866
30711,1571086
26076,1571086
54472,1571086
208456,1571086
11641,52358
1223,11641
1224,11641
11641,16847
138,11641
93019,227564
64141,93019
36811,93019
17142,93019
3776,53861
1032,53861
1243,53861
1241,53861
1650,53861
589,53861
4808,53861
10757,53861
15277,185438
63820,208664
99096,224610
2535,99096
17183,115033
11770,115033
55075,115033
7213,86482
40345,69797
5281,17114
17114,68929
258,17114
1233,17114
17114,1141766
488,1081077
607,1081077
1081077,1654199
557383,934281
2127,1288796
11614,1368971
1884,1368971
15217,1368971
488,12824
52934,1085179
12824,40345
19274,1085179
84075,198148
14405,198148
7399,198148
12073,198148
17825,23227
5294,23227
1333,23227
5306,23227
23227,37917
2636,23227
23227,1299467
15556,23227
14887,115677
33315,52991
5655,52991
52991,55936
10943,23964
69122,85563
488,3388
51965,85563
3388,4784
3388,5655
3388,57755
3388,9994
3388,5342
468,4575
4566,4575
7213,7467
19303,150193
88926,91493
5469,91493
11649,71551
20646,71551
455,84021
5281,1106893
81502,135534
1313516,1313517
2034,232596
59248,1470538
9281,46588
17142,46588
144782,146169
15389,71609
44735,71609
6737,57755
6046,57755
1223,57755
1224,57755
564,57755
4135,57755
3416,57755
30711,57755
2176,57755
4037,57755
30715,57755
1152,57755
35550,57755
150,10828
138,150
150,59410
150,4720
510,582925
74924,582925
582925,582925
71872,1413704
929825,2411091
71872,1136502
71872,2580328
3492,68167
4610,68167
68,488
68,525
68,834
68,1650
26205,76070
18997,76070
76070,1545927
76070,125032
76070,108346
76070,1002647
76070,83784
9181,76070
75699,76070
53333,76070
19896,76070
58094,76070
76070,142687
75725,76070
6495,76070
64796,76070
76070,239404
10099,76070
103,76070
76070,1571618
76070,98522
44735,76070
1243,108346
524,202816
258,8557
258,11614
258,309
258,8574
223,258
258,12219
7132,1070444
1032,85670
2034,85670
578,85670
1614,85670
4600,85670
85670,562206
35736,85670
35770,85670
85670,130938
12329,85670
11401,70100
11401,16644
1142962,1142963
488,21879
527607,1180074
1461,101045
13333,173667
564,87672
87672,969493
4491,87672
87672,119368
57755,87672
17141,87672
18897,1088579
1439368,1748210
10765,18596
10765,15175
8858,10765
5572,10765
10765,19012
10765,15912
10765,21370
3388,10765
5696,10765
27436,83313
37161,83313
83313,114470
15287,929825
203285,934803
15287,164554
203285,1123897
15287,55934
2226,52961
102445,225208
1035,225208
6818,225208
18897,225208
19303,225208
4955,225208
638,26713
96439,1288710
40312,140617
2589,40312
40312,67717
17605,40312
2632,25703
4483,25703
25703,52605
569,69168
69168,69845
69168,1115333
20173,69168
69168,133331
578,562206
84074,84075
84074,220088
84074,109708
21246,45037
1032,45037
488,45037
15557,45037
45037,1056121
4600,45037
1150,45037
45037,2766240
16483,45037
2878,45037
5367,45037
45037,69122
13524,45037
45037,83313
45037,224610
879,45037
45037,88967
5140,45037
1650,45037
10491,45037
45037,135651
45037,116436
40863,67356
67356,586002
1032,67356
59466,67356
59315,67356
3026,67356
66121,67356
67356,76965
67356,131397
2171,67356
67356,130816
67356,1138699
14386,67356
58573,67356
67356,1026085
64131,67356
17142,67356
42138,67356
16834,67356
5723,67356
1152,1053901
56745,1053901
569,1516986
557383,1516986
280,83784
56381,81856
56381,77357
17496,56381
3061,51894
10828,51894
51894,51895
66512,1186342
70575,1186342
21134,1102522
1102522,1176379
40213,65452
28898,40213
3224,40213
6111,40213
6818,589230
16483,52968
5292,52968
16644,52968
60949,146977
7396,146977
76245,146977
7087,588701
488,7087
510,7087
7087,77919
2636,7087
7087,12238
608,7087
3388,7087
1461,7087
2293,7087
1776,7087
7087,57646
13520,93419
124294,937133
1617,20239
1617,1731915
1617,12833
1617,56539
4766,84836
28788,1209590
229043,1571086
45052,84554
488,765
765,7482
765,4429
765,53090
39,4762
4762,65452
880,4762
4762,30365
2636,4762
4762,53334
1233,4762
4762,16294
3905,4762
2228,4762
4762,17142
1650,4762
4762,4766
9994,36631
1448842,1603020
210355,1603020
7879,12890
8,12890
7087,12890
12890,84496
2034,17597
62410,63571
1177552,2440249
88149,111974
57755,111974
87257,1113116
10828,1113116
934803,1113116
52935,1113116
115033,1113116
33192,1423660
30715,1423660
65298,135795
212,135795
1024219,1140442
129921,129922
109314,126125
510,109314
3492,5344
5655,109314
8844,109314
5344,21792
12890,109314
5602,109314
109314,1071165
3026,5344
5344,18596
2303,5344
5344,64061
3905,5344
5344,45400
31,5344
2228,5344
1152,5344
5344,17764
934,5344
103,5344
5344,46085
5344,7904
5344,10757
5344,26095
550669,1447271
4784,9181
5292,9181
9033,47506
9033,11701
9033,11864
9033,86270
6047,9033
8193,9033
10696,981854
225009,1142171
258,225009
45400,225009
524,225009
1233,11649
1233,45052
1233,17835
1233,5572
1233,21134
1233,52849
1233,1461
1233,5344
31,1233
1233,4566
819,1233
1233,2632
1233,54240
1233,9994
1158,1233
1233,13333
1233,7399
524,1233
1233,26095
1233,5342
1108,2226
1108,30614
934,1108
10707,98538
55493,1180074
230542,942251
1776,57691
879,1152
51864,1572145
16214,557818
1614,557818
20750,557818
6163,557818
78500,228834
34934,515867
2171,3125
1650,38883
74105,74106
15175,64141
11770,64141
19274,64141
30715,64141
54710,64141
38803,1403179
19303,101183
19302,101183
2176,4037
136153,291263
1884,19224
11864,19224
19224,119665
64140,1284159
64140,72208
16294,102445
5281,16294
3556,16294
5655,16294
16294,55493
518,16294
13235,16294
31,16294
1150,14405
12898,14405
14405,66681
14405,1039527
14405,17141
488,1108138
13235,1288727
141260,1108138
56539,1288727
3905,1288727
20400,21411
9778,20400
9788,20400
21657,55075
975,20746
973,975
974,975
975,115677
975,36669
182009,1198257
957,974
957,36631
957,11091
6482,75699
5216,75699
26467,75699
40277,75699
57090,75699
510,7132
7132,20907
7132,99710
7132,16483
4491,7132
2171,7132
7132,56322
7132,8654
2535,1236704
865,876
876,13520
71082,141688
98173,1102141
19536,36797
2228,56194
56194,69488
4135,21526
518,21526
2461,21526
7166,21526
77441,80602
14386,77441
578,37618
17051,37618
37618,1413704
172,37618
37618,58189
7467,37618
1893,37618
37618,39516
1032,114334
75131,114334
114334,114335
14999,35466
19274,236539
54734,236539
1012,1176
578,989235
58324,989235
37932,989235
81256,989235
2461,989235
1152,989235
989235,1223175
117642,989235
232959,989235
9778,989235
5953,1426949
1241,1426949
223,1426949
564,87091
36811,72208
36811,1213573
57755,87091
4720,36811
41421,87091
2034,91388
91388,547781
1374474,1374476
54472,1374476
525,1222393
2838,61659
1243,2838
1150,2838
2838,6818
2838,16378
2838,21678
42,2838
2838,7467
2838,20750
2838,57755
2838,51917
2838,22461
2838,6162
2838,937570
2838,5602
2838,17178
1884,30715
11701,30715
1461,30715
2228,30715
5281,1481141
488,1477505
54507,1477505
7132,51521
934,51521
67367,930707
24045,67367
1461,21863
21863,131948
59,20307
11701,20307
20307,1173102
15254,1211732
17087,1211732
1152,1211732
1211732,1534116
13015,74436
36602,74436
3556,74436
72611,74436
3905,5216
1302082,1462214
132856,1056739
5602,1056739
224687,567120
45400,130030
45400,65452
9888,45400
5655,45400
45400,45407
30614,45400
7399,45400
524,45400
44735,45400
9888,90492
45405,90492
45407,90492
30711,90492
27578,90492
3087,5696
3064,30076
36693,55476
55476,98750
54472,55476
45405,1284099
1241,1284099
1284099,1394656
31,39
31,36588
31,5953
31,204484
31,12898
31,54040
31,13520
31,114404
31,54645
31,5342
1555617,1555620
1032,16384
488,16384
578,16384
11649,16384
7499,16384
1704,16384
138,16384
16384,39012
16384,34517
8654,16384
1776,16384
4610,82482
21657,82482
37917,82335
1032,6413
6413,28866
1233,1075122
488,115666
1032,7166
1243,7166
3026,7166
7166,24173
1748,7166
7166,19303
7166,16483
3416,7166
7166,15452
31,7166
7166,52139
7166,76245
1158,7166
7166,54645
7166,109708
39516,53333
15488,121873
65452,121873
119294,121873
17386,121873
21657,121873
121873,558929
70520,121873
17282,130103
488,15358
15358,16644
54710,55710
19274,54710
58901,1707753
40345,70287
15488,18023
280,27319
280,879
280,3087
13922,144816
2636,144816
974,144816
89027,144816
2166,83189
55916,83189
10757,83189
9777,14386
14386,15557
1461,14386
14386,19274
14386,71329
14386,1609935
14386,120615
3125,14386
4720,14386
14386,17605
14386,212208
14386,1949910
14386,1978406
14386,1136517
107820,1474799
58628,71329
3125,71329
71329,212208
57446,59291
57446,102445
2036,57446
51918,57446
1769,57446
5655,57446
1893,57446
31,57446
14386,57446
57446,1068008
4720,57446
7399,57446
1776,57446
57446,212208
72208,1609935
206919,1609935
4760,980284
56205,980284
77268,1140583
2461,51965
10828,68794
14405,35595
17178,35595
1079579,1081448
109599,1181353
19536,88967
88967,225556
5575,88967
488,1302549
1614,1302549
1617,1302549
96199,1709460
144422,1709460
1518,1709460
19850,56359
36811,80215
11181,1439071
16863,1439071
3556,1439071
14353,1439071
569,11805
1152,11805
66728,1088455
1173102,1907068
488,6693
224,17282
10051,17282
4955,17282
11770,17282
10491,17282
5602,17282
76859,78501
929825,1065549
1065549,1555061
5294,1065549
1065549,1440271
1065549,1177552
2535,1065549
182690,1285976
58573,1907753
20019,58573
258,58573
26467,58573
4135,1026085
11151,1026085
4566,17016
1071,4566
4566,5469
4566,13079
1090,4566
4566,13333
4566,138175
4566,163496
1032,1795072
488,1795072
1884,1795072
93286,1795072
121873,1795072
64131,1795072
1395183,1795072
1776,1795072
1440271,2408537
1428024,1440271
1345661,1833375
1299467,1345661
1032,17278
8246,17278
4688,17278
5281,17278
17278,91343
10828,1206051
879,1206051
212208,1206051
1032,91452
1907753,1968363
138,1968363
3416,1968363
2461,1968363
280,1968363
1032,11478
24,11478
11478,99898
30614,72757
30614,1239407
30614,137427
30614,136495
108,30614
1461,30614
1233,30614
30614,30715
2228,30614
11151,30614
934,30614
2228,16853
1158,16853
16853,1782117
309,15602
4766,145130
1146,166995
5469,166995
31164,166995
27319,166995
62854,62863
880,19302
1486502,1496011
44931,44934
44934,117075
44735,44934
1461,17510
2062419,2062420
2062419,2062421
1032,51917
7399,12988
91394,139558
41039,1220517
11614,41671
2294,41671
21007,45405
21007,45407
21007,62763
21007,32278
138,21007
19274,21007
21007,54734
1233,21007
4483,21007
7399,21007
21007,41039
21007,1978406
21007,38673
1896,6482
1461,1896
1896,4762
1032,1152
1152,90694
1152,17087
1152,2461
1152,1675864
58189,1367342
8328,140909
7482,7483
1061773,2766240
21007,1061773
7399,1061773
52605,1061773
1884,52139
17835,52139
13922,52139
52139,60663
52139,62854
12219,52139
2386,52139
38673,52139
10828,1263877
59521,1263877
6201,1263877
309,1263877
142618,1182701
131617,1182701
6163,126501
21113,22020
1884,11916
1150,11916
11916,1178822
11916,46085
6046,1028297
7623,66074
57446,66074
61659,82840
80591,82840
1061878,1061879
13520,25598
13520,588701
2034,13520
488,13520
3026,13520
3416,13520
5345,13520
13520,19274
1233,13520
13520,21007
2199,13520
13520,17605
5342,13520
929825,930697
17051,62514
27578,62514
576117,1959734
114335,3140100
5281,141825
17087,141825
1032,11091
11091,57130
11091,18250
11091,21007
1201,11091
819,11091
3125,11091
7399,11091
11091,27578
7904,11091
488,59410
51298,59410
13235,59410
539,59410
59410,59413
59410,1222393
2632,59410
53684,59410
7399,59410
59410,132856
59410,132857
578,819
819,1243
819,18865
819,5469
518,819
819,5345
819,4483
819,1158
103,819
819,40277
79279,203285
86626,1011210
37917,1011210
139135,1011210
1011210,1020767
26775,62410
62410,99436
44916,62410
1049919,1688651
1957,2303
1957,2461
223330,1049919
865,15345
15345,51965
15344,15345
5281,472630
7623,1313761
19841,54525
1032,74971
31493,74971
74971,102445
108752,570375
212,108752
12219,108752
578,81850
2034,930699
16384,1141766
1748,226615
8395,226615
226615,991808
53761,226615
40542,44644
7482,40542
589,40542
147540,424258
21960,69122
1158,21960
8311,35736
35736,35770
488,944544
4483,944544
5140,11090
4600,5140
2636,5140
5140,11770
5140,14405
5140,78021
141962,141964
880,2632
1769,2632
2632,9281
2632,3416
2632,52849
2228,2632
2632,4566
2632,17141
2632,3125
2632,53684
2632,7399
2226,102634
63589,1571086
1032,21113
17087,21113
21113,115891
68929,115891
11701,1996464
15852,1996464
3416,1996464
1461,1996464
121873,1618057
1776,1618057
1037989,1188680
17871,52934
7399,17871
26061,26852
26061,28741
6384,59330
53861,59330
1617,59330
16294,59330
6384,64131
2176,3087
3087,4483
1158,3087
3087,13333
1776,3087
4491,59027
5572,59027
1461,1512495
11701,17142
17142,32278
17142,24045
1241,17142
17142,50767
17142,19274
17142,1136517
122348,1232361
53925,55936
1211473,1717627
55710,56322
56322,86626
3125,56322
56322,80591
10995,11012
10995,17178
39104,589134
5655,589134
11218,64194
14887,64194
5470,64194
4385,227936
5602,227936
5469,58094
84617,1178812
12238,2830628
3064,14887
3064,10757
64856,80602
64856,101518
78136,83328
64035,83328
1150,1650
1650,5655
138,1650
17825,57113
5292,57113
25210,57113
57113,236539
15557,37161
1038,37161
2461,1732429
20212,1732429
1879567,1958357
2461,1085563
19302,1085563
8636,1085563
7018,1717526
578,1717526
39481,55710
488,6163
5292,6163
934,6163
6163,7904
60949,1448215
69122,1448215
937034,1140442
1090,72757
1090,7087
578,120615
31,120615
30614,120615
98132,102439
879,18323
2166,986834
82511,168349
168349,212208
102445,1498102
109402,1498102
488,34517
17087,34517
3416,34517
280,34517
56256,535191
124912,1525379
488,127027
24,127027
17051,127027
5469,127027
16483,58728
58728,1579769
1776,58728
198150,291263
19274,198150
82194,86270
34510,86270
7467,17764
17114,19766
1776,19766
488,7775
68929,81317
6111,81317
224,51524
1032,1412730
956,1412730
6431,1412730
525,1412730
7467,1412730
309,1412730
2675,92319
488,51984
17812,51984
3556,8574
1776,8574
468,1539858
150098,1539858
79082,555633
32,144304
1106693,1140238
98631,1106693
137467,1106693
1106693,1136502
1106693,1118360
27992,1187112
67075,1187112
19224,1187112
84075,1422143
95255,1214352
185438,1214352
1214352,1231296
33192,142687
1351024,1861450
55265,76095
10828,932317
42,932317
52629,57755
81718,122186
929825,1462259
55257,204484
3556,1283814
39516,1283814
93286,129527
1233,129527
3061,1299642
16483,1299642
957,1299642
12891,1213074
10828,1213074
72024,835926
835926,1056121
17051,1193602
1776,1193602
4720,836732
879,4232
4232,35013
75725,110427
75725,94342
679,75725
10757,75725
7166,1234970
69238,567120
18533,69238
118303,1525872
10828,1309478
51965,1327402
11325,1327402
53304,58897
54472,58982
589,36042
578,589
589,1243
589,1150
589,4135
138,589
589,64061
31,589
589,1152
589,54697
37852,37872
37872,1193602
1776,37872
12890,182001
101542,543261
569,543261
55710,543261
11701,543261
31,543261
30614,543261
934,543261
4566,15868
2712,95550
16483,64998
28249,1650076
132876,560316
2294,3111
138,3111
2283,3111
30309,112201
608,104644
7087,104644
52139,104644
104644,1579739
111801,143862
64796,143862
455,1209339
224,1209339
38516,1209339
56205,135534
38516,135534
55439,135534
45405,586000
17605,586000
95024,1278722
16860,1278722
7879,111736
40345,111736
6431,1183883
1884,1183883
1103,1183883
1056739,1183883
7270,42113
4499,57328
4723,21673
21673,78108
18878,21673
8844,21673
21673,28898
16837,21673
21673,53177
4720,84546
488,57193
57193,127614
24,57193
10051,57193
2636,57193
31,57193
280,57193
5602,57193
2034,4014
4014,31164
4014,27319
4014,4762
62854,162371
62854,98103
19274,62854
54734,62854
21007,62854
7399,62854
41039,62854
16644,67753
5344,67753
17114,1565228
3061,22676
53708,2145315
92012,1156778
1156778,1662226
4160,1156778
20212,1143671
865,1099862
55499,1099862
14597,56373
2228,56373
24970,79492
69122,79492
25598,145169
61510,61659
880,61510
525,61510
20387,61510
61510,585272
1158,61510
41670,1433089
4429,1433089
12238,66728
60073,61069
11090,60073
60073,77357
60073,66605
5656,60073
24045,60073
60073,83281
60073,1144604
57755,60073
1893,60073
21007,60073
60073,135651
38673,60073
77656,77657
119396,1080809
970194,1159846
16848,56745
4385,56745
224,56745
366,1215399
932533,1215399
518,549971
3125,19304
68,3125
2228,3125
3125,67273
3125,4720
3125,50949
118581,583812
4723,19852
2746,19852
19852,1028309
7467,19852
17633,19852
19852,58094
1899,19852
2589,19852
5575,19852
67273,1187602
16391,2454500
455,934
525,934
150,934
2690,65452
1035,2690
2690,3556
2690,6201
309,2690
934,2690
510,4766
2690,4766
303064,1331120
1146,2880
2878,2880
5090,78501
78501,116436
1461,105648
105648,161932
56370,161932
15488,1353210
83281,1402358
182327,1186596
98522,1450261
1162589,1170861
1308004,1526643
108,83287
524,83287
8858,592332
40864,1135815
1418,1135815
53863,206811
27977,53863
1461,53863
53863,59410
41039,53863
1243,53684
4688,53684
1748,53684
138,53684
52849,53684
41039,53684
6046,402272
109857,402272
39012,143149
488,4787
4787,7467
1032,1109805
16860,1109805
1109805,1732141
973668,1109805
6201,1496149
1899,1213167
1899,2589
6818,90698
893,1243
893,77104
138,893
893,16483
893,1108
893,86270
893,7270
57030,81856
564,1704796
3125,1704796
564082,1704796
1884,76624
6384,76624
67367,76624
76624,139150
5602,76624
865,144232
2294,144232
24,144232
7623,144232
2636,144232
141962,144232
31268,88556
224,88556
15556,141962
1039528,1039529
11649,57434
1150,57434
7036,57434
518,57434
2228,57434
1032,18500
1071,3702
488,18500
10781,18500
2228,18500
32,18500
190,123997
109402,123997
123997,1469397
11401,81220
510,1522546
56891,1522546
1522546,1571086
2838,934032
2303,226095
2461,226095
66191,561061
39,2199
488,2199
2199,11181
2199,2226
2199,51864
2199,21475
1038,2199
2199,5065
2199,5174
1461,2199
2199,18500
2199,63713
36425,62773
58689,62773
66512,641437
11090,182327
98103,182327
5469,111807
1233,111807
1395183,1586350
2461,17655
3776,22461
5970,22461
17051,22461
6818,22461
14405,22461
2228,22461
1776,22461
2589,53334
2589,34510
1896,2589
103,2589
309,37626
1884,1051295
1152,1051295
40863,1037992
7881,15812
15812,52691
12824,15812
15812,62047
5469,176557
176557,177306
1776,53120
19707,97618
4857,567120
4857,177532
4483,17883
4483,9777
1769,4483
4483,12833
4483,19304
3556,4483
4483,10781
1071,4483
138,4483
4483,53863
1158,4483
4483,13333
4483,7399
1776,4483
4483,167640
4483,5342
82839,117075
39012,117075
13333,117075
59290,64211
488,42226
1884,80591
9281,80591
19303,80591
518,80591
22214,80591
17697,80591
2176,80591
60545,80591
524,80591
765,20024
78500,80591
524,20024
44735,80591
13015,132360
53925,53942
59413,1301700
19302,1301700
51965,77809
19302,77809
10702,589402
2461,589402
1152,589402
59803,165787
7879,165787
16384,165787
76595,165787
165787,1318201
142618,1965938
26076,58689
26076,104561
3125,26076
26076,182327
6737,35550
4784,35550
1250472,1252958
7467,231866
55116,1216147
184581,1110909
58094,157879
10757,157879
1137903,1304854
569,19840
131239,591400
6495,15254
6495,35013
880,16834
16834,84165
22020,1349268
2034,114404
4566,114404
6737,71402
71402,84075
16483,71402
20750,71402
57755,71402
5723,71402
69371,1861797
69122,1861797
1421601,1861797
131948,1970423
51965,78013
1146,10249
3776,10249
10249,43553
10249,15389
10249,57755
3087,10249
4483,10249
76999,1280364
1243,78021
1769,78021
15389,78021
20193,78021
1152,78021
34517,78021
5602,78021
36811,141189
224,1607016
3416,1607016
11770,1607016
5602,1607016
223,1032
223,4385
223,3556
223,14353
223,1413704
223,11218
223,2228
223,819
223,970088
5469,98750
22810,98750
6979,98750
224,1211212
11694,60099
11701,60099
11343,60099
60099,223551
2226,938835
1884,938835
7482,938835
68185,938835
54733,938835
5602,938835
7904,938835
1243,9994
1038,9994
2461,9994
3905,9994
31,9994
2880,9994
1776,9994
43896,1215510
3052,15672
172,3052
2461,3052
3052,123997
578,1395183
5281,1395183
1614,1395183
14392,1395183
6818,1395183
13235,1395183
30715,1395183
11151,1395183
865,84496
7879,84496
5216,34682
7270,146949
5140,94403
59918,151007
151007,936670
7482,116018
4720,116018
1579,116018
17835,76245
76245,76248
258,518972
26467,518972
4385,20921
10491,20921
1776,20921
13333,558007
10491,1907753
12891,20739
20739,58552
20739,38673
59291,1031240
64140,1031240
12905,52139
2632,12905
3061,62047
59803,62047
12824,62047
62047,1416383
1032,64796
468,64796
6159,64796
64796,1224031
126125,1356464
8654,1356464
39516,67273
16863,1992444
66605,1992444
25598,936584
1032,936584
24,936584
10828,936584
3556,936584
1150,936584
8844,936584
15175,936584
2636,936584
39012,936584
12238,936584
123997,936584
1776,936584
1126053,1287065
3897,53276
19536,53276
3416,1480620
56322,1480620
1032,12219
12219,88926
12219,52849
190,9274
1884,9274
9274,81256
8965,8966
1650,8966
5953,1118360
132857,133398
5602,133398
51575,60618
37526,60618
6818,967767
103,967767
18023,133635
1152,133635
18356,60025
17764,60025
4483,60025
98521,1442069
4720,60545
4720,212208
4720,1978406
84110,84111
11701,67795
1579,67795
2746,223825
31,223825
108,11325
1038,57271
2034,2219327
4429,146438
14999,146438
224,146438
4955,146438
865,6039
366,6039
6039,6482
488,6039
578,6039
638,6039
6039,9032
6039,6159
6039,11090
6039,36425
6039,17812
6039,7467
6039,21657
6039,7213
1233,6039
6039,67367
1152,6039
819,6039
6039,15345
4014,6039
2199,6039
578,1158
1158,2226
1158,7499
1158,4135
138,1158
1158,1461
1158,2228
1152,1158
934,1158
1158,8636
1158,1776
57492,92561
17087,92561
66193,1520002
224,113290
2166,65314
2166,105866
20212,1021810
78160,1116251
54734,1116251
66441,1413704
578,13333
6046,13333
7482,13333
13333,20019
5469,13333
11916,13333
13333,38673
13333,22383
13333,44735
11701,58498
3087,58498
57130,57538
4065,67717
30715,67717
1032,7399
488,7399
7399,2766240
518,7399
7399,14405
7399,12073
7399,41039
78647,102445
1035,78647
18596,78647
16294,78647
24,42694
42694,51864
5292,42694
1158,42694
51864,2090135
1309008,2090135
835926,2090135
123795,1609061
3776,56207
1650,56207
54472,57755
13922,198613
865,94864
25598,94864
24,94864
1038,94864
10828,94864
1108,94864
31,94864
5281,2036105
55499,105239
21085,105239
11649,18316
6046,18316
7314,1244465
34110,1288762
8246,130237
15045,54645
56059,442286
6162,33315
4723,6162
468,6162
6162,15277
6159,6162
6162,11701
42,6162
31,6162
1896,6162
819,6162
934,6162
2690,6162
6162,15556
38023,1213167
57742,117239
5216,230300
488,128947
4135,128947
77921,80752
608,77921
55785,77921
5367,1287278
4808,15277
4808,32395
18702,39819
3416,66877
10491,66877
5602,66877
578,1808351
11092,1808351
640,642
2293,15217
1402744,1402745
1402745,1402746
1402744,1402746
4566,52842
3417,41222
20212,41222
34110,1119247
95022,1119247
21657,1119247
224610,1367978
589,1367978
9777,238822
1518,239404
567750,1309430
5602,1309430
16848,1155101
7314,52845
52845,53304
607,931180
21684,55710
10828,21684
138,21684
201,21684
21684,27977
103,21684
17087,1193965
55934,1721377
116805,1721377
488,1630053
15812,96676
5292,21411
2632,21411
4720,21411
9778,21411
17439,930526
1157091,1299467
8965,1151847
22461,1151847
17439,533061
30711,237855
17605,97026
59918,936670
6384,1878120
1152,1878120
560316,1059621
27578,1059621
75990,116632
47652,221723
66555,80172
2632,80172
5723,80172
7904,80172
138,45210
2461,45210
2690,45210
1136517,1144950
5953,1802846
1802846,1846578
58689,1802846
190,51329
4762,51329
2228,51329
1201,51329
934,51329
1158,51329
51329,163496
83967,229568
83967,142312
47826,83967
83967,1262481
24891,83967
36669,142517
36588,36669
7482,36669
15217,36669
36669,116805
5655,36669
36669,88926
508,36669
26095,36669
114470,1976040
15254,57632
57630,57632
5470,57632
10099,71082
138,10099
10099,17087
65452,70520
16483,70520
14887,70520
990,70520
3416,1221838
7879,8010
8010,59357
8010,52934
1152,26467
13922,1065752
98,1561511
98,19274
98,280
98,1391986
9778,80602
1461,9778
9778,95101
16847,236211
57755,1317740
212208,1512795
33192,41421
1498662,1948280
1611614,1948280
6431,1293762
5281,1293762
66605,1293762
32278,1293762
84110,133331
84111,133331
40863,139150
139150,586002
578,139150
139150,1037989
92784,139150
17277,139150
27578,139150
35013,139150
8654,102445
525,8654
8654,16294
5010,8654
224610,297095
72208,1257723
12073,1257723
3125,18308
138,12073
3125,12073
2636,5029
4065,5029
7270,67752
1112589,1112590
1112590,1186852
1243,2112193
1769,2112193
103,190
103,80978
103,3026
90,103
103,1614
103,4135
103,4491
103,120226
103,21134
103,201
103,30711
103,11401
103,75699
103,21526
103,2228
103,13333
103,38673
103,10757
39189,89576
45407,89576
89576,115128
52443,89576
76595,121830
76595,1318201
132452,535191
15775,139474
15774,15775
2228,150207
3125,150207
5344,58164
5723,58164
53863,1453702
1461,2978
2978,19840
5090,968708
5090,56381
564,1108637
12708,15277
12708,1281387
1158,1453748
19416,116779
2636,2426640
103,40277
98750,138175
66228,141673
4760,66228
66228,144519
62768,66228
449,66228
66228,84021
66228,1094069
66228,1309478
66228,67795
66228,78190
66228,937570
21768,58897
10099,21768
138,11161
10051,11161
4955,11161
13922,81322
81322,183036
20750,81322
15218,81322
11161,81322
28283,81322
81322,132856
1150,937570
7465,80591
1579739,1579740
7499,27578
525,27578
880,2033727
66728,1396917
95022,532052
524,3061
524,638
524,1243
59,524
524,1038
524,55934
524,3556
524,58552
524,143593
524,39819
524,24045
524,6201
201,524
524,30715
524,6495
524,1158
524,51329
524,970088
524,7270
524,1136517
524,5342
16848,59611
59611,1018106
59611,558929
41039,55710
2945,41039
19274,41039
41039,54734
41039,56322
5575,41039
103,41039
41039,139135
7399,1744211
53267,125066
53708,125066
107766,125066
78059,220691
934,1219430
56377,79322
5292,53177
11181,76221
15672,76221
488,1416383
4600,1416383
1416383,1758713
21879,1416383
51298,1473954
132856,132857
132857,1056739
54729,132857
7879,97180
59466,139135
488,139135
138,139135
72208,139135
139135,1141766
139135,1136517
97579,1006372
56205,1006372
221723,1068341
3417,17836
1158,17836
61659,149495
149495,1187819
12891,149495
69371,149495
35468,149495
33341,149495
50767,149495
88967,149495
1032,8636
488,8636
578,8636
8636,11701
4135,8636
2636,8636
224610,1264689
40476,225009
40476,1059880
3950,6046
4784,108668
58795,108668
3897,1111717
5281,1111717
24,113907
10696,113907
10702,113907
52968,113907
190,8193
6046,8193
8193,11701
2303,8193
8193,40476
535191,939087
559,6737
432,559
559,50719
559,1704
559,2303
559,37932
559,1095994
559,18898
559,5345
559,75699
559,102634
559,6162
559,15556
6431,143296
2636,143296
865,25146
78439,939346
1063,939346
865,20204
20204,87742
20204,66739
20204,36602
16847,20204
20204,66681
20204,1039527
20204,1254001
7467,20204
20204,31119
14405,20204
20204,59027
1090,20204
76705,121473
4808,76705
17605,76705
9788,76705
11614,564082
88943,227353
4387,6979
190,1776
488,1776
1776,1884
1776,4385
1776,10828
1776,56857
1776,37852
1776,20659
1776,2746
1776,5216
1776,68929
648,1776
1776,1053901
1776,30715
31,1776
1128,1776
1776,2880
1776,10249
5602,43553
5602,39104
1243,5602
1223,5602
3556,5602
5602,6818
2636,5602
30309,1470701
6431,1470701
65452,1470701
564,1470701
4784,1470701
6818,1470701
309,1470701
11181,17605
15277,17605
12891,17605
17605,23532
15218,17605
3125,17605
17605,212208
1032,2419
1038,2419
17386,72327
10567,82511
5065,10567
52935,59231
1152,59231
1230331,1662316
942251,1662316
38782,1662316
510,930337
202,930337
20173,930337
280,64735
8193,69987
32799,210355
6159,1515545
1032,575678
27846,575678
5281,91585
1769,149870
38883,149870
149870,2163669
4453,75043
22676,75043
1682188,1826789
51329,169288
6818,1357449
4491,1003843
12329,14353
10828,212208
5656,212208
45400,212208
3125,212208
212208,1395183
2632,59164
49424,69122
2461,49424
3087,49424
366,1452383
190,1452383
4385,1452383
138,1452383
6979,10781
1176,6979
14386,88966
88966,212208
167640,169046
53863,167640
940632,1717227
1571086,1982215
14386,1827948
45405,1417301
45407,1417301
82226,1417301
90492,1417301
45396,1417301
1199903,1996996
14386,2029559
3125,2029559
880,61703
61703,64856
79082,1416533
4720,54729
2535,54729
16808,30309
11181,16808
15217,16808
4617,16808
468,1034086
2317020,3242748
6431,970088
21411,99918
11161,99918
1769,2425997
1056121,2425997
45405,2425997
45400,2425997
103,2425997
1976040,2425997
525,1978406
21183,1978406
55934,55941
71872,973668
116805,464993
5723,11614
5281,5723
1150,5723
5723,37917
5469,5723
5723,51965
5723,95101
5723,57199
5723,44735
5292,135651
6384,135651
14386,135651
1261117,2943379
578,7270
7270,58220
1038,7270
7270,1907753
4135,7270
7270,57755
1650,7270
141673,1046225
4888,23287
4888,55710
4888,8246
4888,21712
4888,68185
4888,58689
4888,1044255
4888,16837
1461,4888
4888,9181
4566,4888
4888,21960
4888,18500
4888,1474775
1158,4888
4888,94864
4888,163496
4888,184581
19224,212934
1128,212934
1063,212934
212934,1306645
1723,184581
16860,184581
184581,202816
4566,184581
13520,184581
163496,184581
38782,92712
61363,2167077
210355,1521437
488,1518
1518,56710
1518,1284159
1518,21657
1518,4757
1518,17178
3061,58048
569,58048
24,64295
19975,64295
4491,58048
64295,94471
1896,58048
64295,983909
110,1002601
5281,1214641
19304,173847
39,2080526
173667,1170655
110,71797
110,6159
110,37917
110,5216
110,2636
108,110
110,2228
110,2690
110,10757
24208,1708739
929825,2379700
5281,2379700
24208,76242
24208,33315
24208,30365
1333,24208
4610,24208
95101,130253
1038,95101
23532,95101
10828,95101
4491,95101
52849,95101
9994,95101
2535,6046
2535,9777
138,2535
2535,37932
2535,16644
1152,2535
2535,64856
2535,97618
52605,1907753
7399,52605
32799,1653067
1462,1653067
543261,1653067
210355,1653067
1653067,3283464
42993,64471
679,64471
1884,1074867
38673,1074867
38673,61363
5306,38673
32799,3283464
1527515,3283464
1462,3283464
543261,3283464
210355,3283464
1032,31775
21394,31775
10491,31775
7270,31775
31,58292
3087,58292
21027,128639
11770,21027
2461,21027
679,1071
679,1413704
5953,2413451
5281,2413451
16378,1847741
111801,1847741
1782078,2421500
108246,1248203
4784,63713
1776,63713
137427,2421500
5655,2421500
21183,2421500
7467,2421500
5602,2421500
6159,2717262
729,92887
55710,99410
14405,78500
1365760,1365761
1707,3097969
6046,17178
17178,90591
15217,17178
17178,58689
17178,59521
17178,54040
17178,125032
17178,57755
2128,17178
17178,27578
5010,17178
5342,17178
1333,39516
39516,1413704
2303,39516
39516,114334
39516,1215399
934,39516
5602,17022
10757,17022
1243,1513187
138,1513187
54507,1215038
5281,1140231
206919,1140231
55934,1340023
218948,1622867
5140,116436
59231,1319442
1032,74159
2632,74159
206919,1123507
206919,1048474
32,137427
32,7499
31,32
32,2228
32,30614
313,1032
39,313
313,18533
313,7482
313,5281
313,4429
313,16378
313,102109
201,313
313,16294
313,4566
313,22020
1146,1214518
28839,1214518
18023,2598913
202,1579
525,1579
1579,8688
1579,17697
1461,1579
1579,51521
1152,1579
1579,67273
1579,38673
488,7727
7727,8858
7727,958540
7727,10491
3556,1458611
1150,1458611
1458611,2766240
224,1458611
14597,1458611
42,1458611
2636,1458611
16938,22383
22383,84981
5917,22383
7482,22383
7879,22383
22383,56851
22383,83762
22383,108952
138,22383
6361,22383
22383,24657
9915,22383
22383,105866
22383,98538
22383,40644
22383,1437094
17046,22383
22383,1299642
22383,29226
4634,22383
1233,51533
92784,1571407
1243,1214840
1056739,1214840
16294,2475611
115309,2399109
24,1289604
4385,1289604
76422,1289604
4429,1289604
16483,1289604
291263,1289604
6384,1289604
17141,1289604
3125,1289604
117642,1289604
1776,1289604
5602,1289604
228643,1186263
24045,1823051
19274,1823051
72208,1136517
172993,1138163
54645,1485823
19866,70221
15254,70221
2055,4135
2055,39012
2055,2228
1776,2055
835926,1077578
4499,69360
69360,69361
6159,57646
5655,57646
15811,57646
5934,55934
5934,55941
10828,1442069
77089,1442069
52443,1442069
1113116,1442069
44735,1442069
679,208079
5470,19866
5306,5470
5469,5470
2636,5470
5470,73460
5470,21960
16847,588663
5281,1400880
138,1400880
1020767,1400880
86626,109708
109708,967330
41039,109708
4720,1223048
9788,51679
9788,51866
9788,92784
893,9788
9788,1059578
1081077,1715291
49555,91605
880,15556
525,15556
15556,33192
15556,1096867
146681,1301006
98103,1277345
1957,1277345
26076,1277345
934281,2580328
55257,2580328
3061,21677
21677,56710
17835,21677
21677,57630
4757,21677
21677,84739
17510,21677
21677,182327
12073,21677
17051,1377292
5470,21677
15556,21677
19274,1377292
21677,35013
54734,1377292
149993,938962
149993,206919
1285174,1779319
1415665,1779319
1071,20028
10757,42993
10757,1173102
10757,1389816
218948,1252934
45400,1252934
1252934,1395183
212208,1452963
1452963,1978406
40863,54697
54697,92784
19274,54697
525,1497967
5342,1436976
35736,930926
65452,176484
93911,176484
4491,50949
2726060,2726061
1210557,1221053
10828,1210557
16378,1210557
4955,1210557
11218,1210557
4757,1210557
182327,1210557
101045,232156
1152,232156
22686,44644
11181,136505
22686,39298
1128,22686
525,1624484
4808,22686
679,22686
1624484,2766240
79082,1224454
79082,113373
52934,79082
19274,79082
54734,79082
1192893,2807991
71797,550045
11701,550045
4135,550045
22020,550045
97579,1405665
126620,1405665
5281,5289
3776,107766
4429,107766
5655,107766
113901,204553
113901,1719706
564,1421411
2283,1421411
10757,1644564
488,5010
5010,60045
1243,5010
5010,58448
5010,21712
4600,5010
5010,15852
5010,54590
4762,5010
1782117,2710094
150,1020767
56322,1020767
80591,1020767
2675,63099
54614,63099
45419,63099
62157,63099
63099,928915
2150,63099
63099,231199
63099,126714
1685025,1708936
518,57090
70575,1018722
1018722,1230202
15557,80675
9281,80675
57270,80675
4027,80675
80675,1454884
80675,92694
11091,80675
80675,1299642
19311,80675
80672,80675
80675,111736
69416,80675
60949,105647
7036,105647
3905,105647
71082,98522
74655,98522
1884,98522
8246,98522
33192,98522
37917,98522
82226,98522
98522,1423660
98522,558929
38673,98522
5655,1491592
20019,35013
5292,35013
1461,35013
488,44735
44735,646785
44735,57755
13520,44735
5140,44735
488,5342
3556,5342
4135,5342
5342,5345
1158,5342
8676,1308363
76325,1308363
11887,1308363
