director_id,writer_id
293911,76422
178460,258
6575,8447
107765,5953
107765,146836
1617376,1169456
4339,94816
1385031,1193508
1385031,147540
1146,3776
1146,564
1146,569
1146,2632
1146,8297
1146,55636
1146,6163
1146,519
16848,12208
16848,11770
16848,488
1151402,3776
1151402,30309
76242,78064
76242,19303
30309,3776
16938,9656
16938,18897
16938,16483
16938,1035
3776,30309
3776,39104
3776,5970
3776,27436
3776,130030
3776,9888
3776,51918
3776,564
3776,4429
3776,56205
3776,5655
3776,119294
3776,14597
3776,1152
3776,224
3776,93911
3776,15175
3776,1035
3776,12180
3776,105866
3776,39012
3776,4762
3776,5602
3776,40312
3776,30715
3776,68
3776,6431
3776,1650
3776,2303
3776,1150
3776,76624
3776,67717
3776,1032
3776,15488
3776,78160
3776,58728
3776,1776
110283,40864
110283,17087
110283,17039
1562178,11701
1562178,1461
1562178,31511
111588,6340
111588,3064
455,3776
455,1157604
73875,89847
73875,964698
34489,117443
56401,3556
1008441,34517
865,18185
865,2710
865,7270
865,10859
865,40256
865,879
865,3228
865,880
865,19119
865,488
865,54697
131459,42
1140238,111683
56212,98882
56212,121798
59291,16848
59291,2978
59291,2675
59291,16847
59291,57581
59291,2127
59291,2128
59291,59290
59291,5140
59291,81681
1322394,98882
43553,3556
123991,17087
1322394,131459
43553,3087
1322394,11401
43553,22461
123990,123997
366,15218
366,21339
366,11701
366,16483
366,120254
366,9033
366,133287
366,407
366,73421
366,2199
366,488
366,1892
568322,54734
568322,19274
1024823,185438
1024823,1245726
1024823,81597
231705,488
72757,15175
72757,138
72757,15112
72757,488
19006,19003
25598,3027
25598,114395
25598,43141
25598,608
25598,31
25598,7017
25598,1892
929825,51864
929825,14386
929825,1896
929825,42138
929825,510
190,3776
190,25598
190,4385
190,5281
190,1243
190,11701
190,8447
190,2228
190,2176
190,31
190,21007
190,488
190,14393
190,55636
190,1892
190,648
190,4746
567120,229482
567120,3905
93223,10828
19152,66605
15335,569
15335,11401
134604,37622
134604,42712
134604,1114792
134604,66074
40863,45416
40863,98631
40863,45407
40863,40864
40863,543505
40863,42
40863,5656
40863,45400
40863,45419
40863,139135
437833,35550
437833,239574
437833,17697
586002,586001
91268,57755
91268,1532
91268,44735
100734,2127
100734,59291
56661,124649
100734,8654
56661,81856
56661,24045
56661,1035
56661,20374
56661,19274
56661,125167
1046132,57631
1046132,172
4367087,2004848
4367087,7056
4367087,1222241
4723,25598
4723,372
4723,23447
4723,9813
4723,1080778
4723,508
4723,1892
25527,31155
1461114,39657
1032,3776
1032,39
1032,2710
1032,102445
1032,105435
1032,1033654
1032,9888
1032,1217029
1032,1769
1032,62635
1032,5281
1032,1243
1032,10828
1032,33349
1032,525
1032,14999
1032,3556
1032,5655
1032,6818
1032,56383
1032,13235
1032,6730
1032,4722
1032,1035
1032,2260
1032,17087
1032,3224
1032,5656
1032,45400
1032,12238
1032,1145520
1032,108
1032,938234
1032,92784
1032,4762
1032,30711
1032,21007
1032,1650
1032,2303
1032,1150
1032,83287
1032,1158
1032,56206
1032,488
1032,67717
1032,2145315
1032,14393
1032,1892
1032,21684
1032,67773
1032,6111
1032,1776
1032,5010
45730,6818
45730,69122
78061,76242
78061,78064
92993,78021
2034,7018
2034,11614
2034,2036
2034,17051
2034,131617
2034,26190
2034,11401
2034,1032
39104,5970
39104,62644
39104,569
39104,1243
39104,6818
39104,10959
39104,22461
39104,1032
39104,8654
39104,1121
500061,12219
1341629,117642
39,21339
39,3556
39,21463
39,488
39,1032
39,17697
39,21684
18184,2712
32799,51534
32799,3027
32799,78138
64108,76242
64108,86331
76171,112280
101542,40863
101542,138557
101542,98631
101542,569
101542,16847
101542,66681
101542,1039529
101542,1137824
112280,76171
112280,80762
112280,67075
98631,40863
98631,108
98631,1706
98631,139150
98631,1828555
141673,2294
141673,4955
141673,84981
133403,56857
137467,524112
137467,182327
137467,219367
137467,5470
206169,510
235430,76171
235430,112280
235430,101542
235430,118303
235430,3027
235430,2127
935179,2294
235430,137467
935179,138
235430,121798
935179,11770
40223,36603
40223,4753
40223,19536
40223,1461
40223,1896
40223,18862
6482,929825
6482,9777
6482,1056121
6482,5281
6482,21712
6482,1238222
6482,53267
6482,291263
6482,92784
6482,488
1284139,16848
1284139,2294
1284139,10828
1284139,16847
1284139,138
1284139,11218
2675,76686
2675,2128
63052,64108
63052,63059
535191,3776
535191,53603
98104,114253
98104,11108
98104,11109
5877,224
5877,5892
5877,280
31155,1184590
31155,98132
31155,138
6198,51864
31268,40863
31268,101542
31268,10828
31268,4429
31268,56383
31268,87082
31268,1079368
31268,17016
31268,1094069
31268,1032
529184,529185
126125,69051
126125,138
126125,108
126125,280
529185,529184
1285817,1106693
1090812,27889
13015,61239
13015,22814
13015,11701
13015,5696
13015,2690
13015,232156
7018,2034
7018,76221
7018,7056
7018,9155
7018,53519
7018,138
7018,4566
7018,8297
7018,7017
7018,11109
7018,488
92436,23880
36042,67773
985904,819
77295,78110
131846,8654
35460,2034
23430,565491
23430,15218
23430,138
23430,510
1063268,5970
1063268,1063229
84981,138
142517,88926
17883,51679
17883,38794
17883,525
17883,2632
17883,6730
17883,113373
17883,1461
17883,5953
97579,1217029
97579,56205
17883,5129
17883,928625
97579,224
97579,5602
17883,212208
97579,1032
17883,51329
5970,40863
5970,39104
10707,58034
10707,10722
10707,280
80602,5281
10707,11108
80602,880
10707,14606
80602,20019
78108,78110
78108,4385
1012,5575
1012,168309
1012,74752
1012,3027
1212871,94342
1212871,38785
1212871,33192
1212871,10757
1179828,17051
62116,14386
1777,1769
1777,138
1777,5010
142587,54734
142587,19274
142587,16384
142587,21007
77869,1462
9306,5602
9306,24
12080,99363
12080,5524
12080,65630
12080,12079
12080,54734
12080,19274
12080,16384
12080,18863
12080,21007
12080,67773
130253,569
130253,90037
130253,2128
130253,58689
1921,1461
1921,1892
59466,1229794
59466,102445
59466,32030
59466,72624
59466,20387
59466,1032
27436,20665
27436,3556
27436,1152
27436,15175
27436,78439
27436,880
27436,2303
56979,1152
56979,36602
56979,3490
56979,133675
1127280,1432509
586110,56485
67589,227452
67589,488
60962,1232123
60962,2877381
488,3776
488,102445
488,9964
488,2294
488,21339
488,525
488,3556
488,12832
488,6818
488,82194
488,15892
488,8844
488,120254
488,1219529
488,2283
488,30368
488,109314
488,12238
488,19274
488,6046
488,508
488,108
488,19303
488,4762
488,5602
488,31
488,8780
488,366
488,1650
488,11108
488,1032
488,24
488,648
488,1059572
488,74624
488,2224670
488,72757
488,51329
488,4746
11614,86239
11614,934281
11657,25598
11657,11649
11657,1152
11657,30715
1140436,212208
119406,77125
119406,14887
182009,45405
109745,78500
182009,144009
109745,80591
182009,52444
109745,58689
5714,66962
30058,16483
5714,58144
30058,5090
63477,1046436
1488381,1500587
225893,7056
225893,4566
81809,4581
81809,974
1099847,3776
1099847,56383
1099847,138
61069,13235
61069,61178
61659,11614
61659,77147
61659,80591
61659,880
18878,1035
18878,53348
18878,21155
18878,40542
18878,5140
18878,44056
18878,1404479
956,4385
956,957
956,138
956,975
956,3125
956,524
956,17697
956,974
956,1121
66564,69342
26205,52934
26205,41088
66564,19292
26205,55936
66564,13922
66564,60949
66564,7166
66564,224610
66564,1532
66564,543261
510,565491
510,34892
510,515
510,1217029
510,57113
510,19303
127614,2675
510,2176
510,15009
127614,510
510,1901
510,4566
510,17880
510,76070
510,26205
510,23430
510,5129
510,524
510,519
510,57646
2294,11159
2294,138
2294,11770
2294,16384
2294,2293
578,225633
578,40223
578,2710
578,23227
578,1018106
578,51736
578,2260
578,73421
578,12238
578,1892
578,137427
1288700,83854
1288700,543261
17866,51917
1201777,12208
17108,17114
1160012,16848
1160012,57637
1160012,69230
1160012,69231
134129,62644
134129,5281
134129,51944
134129,139874
51534,49281
51534,67367
51534,78138
49281,51534
49281,5602
49281,78138
23287,23289
23287,81856
23287,84369
23287,30614
12995,23659
12995,9813
12995,23446
12995,879
12995,31
12995,12996
1193125,1243
1239407,12891
1193125,30715
1193125,510
1239407,1265056
1239407,10828
1239407,10859
1239407,9033
1239407,41088
1239407,1108
1239407,55638
1239407,213001
11181,25598
11181,372
11181,1243
11181,525
11181,7056
11181,93911
11181,10966
11181,2283
11181,1461
11181,11218
11181,4566
11181,6979
11181,524
1009255,9832
1009255,64227
16214,1776
3492,31
3897,67758
3897,125167
3897,2945
3897,163496
90367,34934
1432635,43553
1432635,12952
1432635,564
1432635,4429
1432635,11864
1432635,224
130030,3776
130030,1769
1432635,44740
130030,56383
1432635,137467
130030,5216
1432635,3224
1432635,110
1432635,115309
1432635,76070
1432635,280
1432635,2303
1432635,63973
1432635,6162
1432635,15488
1432635,66728
24,11701
24,8328
24,24045
24,27
24,23446
24,31
24,8297
24,9994
24,1150
24,488
101399,84714
11649,10567
11649,2228
11649,3388
11649,62862
11649,1532
11649,1892
11649,17697
11649,51329
58220,9747
58220,4757
58220,1158
58220,55636
107395,519
1147872,1147874
88149,56205
88149,985032
88149,57755
88149,1532
1147874,1147872
1099028,1350245
1332325,1769
1224454,591835
1224454,84833
1224454,1416533
1031943,1031944
2226,1243
2226,1461
2226,24
221152,488
87742,1350918
87742,24045
87742,1181948
87742,1136517
45052,39516
45052,39657
20907,569
20907,5294
20907,11401
18533,6818
18533,3027
18533,39657
65521,929825
65521,71947
65521,943183
1418393,1212856
15672,519
41530,21183
68843,68844
68843,347335
11694,11701
11694,15277
11694,1893
11694,4937
11694,27428
11694,1892
71082,42
71082,1194205
68844,68843
68844,347335
3061,2034
3061,12995
3061,72638
3061,1243
3061,17835
3061,5294
3061,7056
3061,3556
3061,3027
3061,1936668
3061,2283
3061,15557
3061,31
3061,30614
3061,6162
3061,510
3061,5470
1169157,57429
1140437,565250
565250,1140437
1211636,12714
1211636,967330
1211636,1636959
729,515
1211636,1131215
729,7056
729,90037
77277,23799
77277,71947
77277,5281
77277,9281
15361,6046
15361,679
84763,21339
127381,132963
1156216,17087
969894,1224030
1169005,1169006
1011,1012
1011,115033
1011,12795
1011,51329
68215,105644
68215,2632
68215,138
68215,57327
68215,57328
57370,19292
6220,6222
1085903,1081445
1141683,211980
59328,4722
1141683,1532
1141683,19850
59328,53120
638,7270
638,3556
638,151295
638,155357
638,36602
638,1158
638,1032
638,1121
63772,224610
221944,45407
221944,45405
19850,11649
19850,17883
19850,564
19850,37917
19850,1141683
19850,56856
58324,11770
7623,80675
7623,24173
7623,10828
7623,57581
7623,1293994
7623,932248
7623,1046225
7623,19656
7623,1545927
7623,11770
7623,38568
7623,108
7623,879
7623,11401
7623,59291
7623,52444
7623,1179651
112588,1243
112588,994970
1474798,1474799
1474798,1344622
1474798,1603020
1474799,1474798
1474799,1344622
1474799,1603020
56435,1421641
19866,2034
19866,32250
19866,90607
19866,1957
2380389,76242
213357,39104
2380389,1056121
2380389,5281
213357,3225
213357,4937
2380389,1032
213357,1968322
213357,879
213357,11401
139098,2128
139098,30614
139098,1076793
139098,51329
139098,53240
52358,19536
52358,16847
87009,170432
1018106,47506
1018106,4937
1018106,64856
6403,4429
59315,15033
1342445,73421
15299,55934
1676969,1342445
1030255,12094
1030255,48567
1030255,236413
1155547,45407
1155547,1101411
1299380,37917
1299380,5723
1299380,44735
196858,1238222
107658,6162
107658,56855
162371,17439
162371,23659
162371,17051
162371,83872
162371,58225
162371,59410
162371,2228
162371,212
162371,208519
162371,524
162371,51329
71947,71943
71947,14386
71947,42138
71947,183230
71947,113914
41621,33312
41621,1243
41621,7166
41621,4762
41621,5602
41621,32278
41621,36602
41621,62894
41621,13520
41621,524
41621,26849
52599,3026
1181031,1236982
1181031,1405880
1810408,940632
31493,11090
31493,4385
31493,138
31493,137467
31493,26190
31493,280
468,56960
468,27
468,31
468,5470
1162038,1162036
77775,3064
77775,54472
77775,73289
1017258,1179651
146745,31268
146745,7132
1320818,3776
2352,3556
106970,14386
79362,204962
444892,71609
51864,5281
51864,1041394
51864,1896
51864,98
6431,3776
6431,5281
6431,4429
6431,41091
6431,3556
6431,224
6431,183036
6431,324
6431,67758
6431,280
6431,2293
6431,524
6431,16836
6431,5010
6431,2932477
305750,5281
223533,18897
305750,88967
2712,2710
2712,1158
208664,56323
569,1146
569,39
569,101542
569,59
569,372
569,8685
569,564
569,1652371
569,69845
569,3225
569,54469
569,55499
569,3634
569,1035
569,45400
569,5723
569,11218
569,11770
569,67758
569,138781
569,64194
569,41670
569,7132
569,87672
569,2690
569,35028
569,5470
74655,209513
440517,84981
1243,3776
1243,11090
1243,1031944
1243,202
1243,65452
1243,1224
1243,564
1243,86626
1243,5281
1243,112588
1243,78188
1243,56539
1243,5655
1243,3027
1243,2632
1243,23626
1243,1044255
1243,16376
1243,21678
1243,37917
1243,16483
1243,3634
1243,138
1243,98103
1243,1241
1243,5656
1243,45400
1243,53708
1243,52443
1243,52849
1243,309
1243,73421
1243,59410
1243,74159
1243,2228
1243,10439
1243,933558
1243,54240
1243,41670
1243,12900
1243,52139
1243,8688
1243,5367
1243,488
1243,12219
1243,90492
1243,1032
1243,3490
1243,78160
1243,139135
1243,67773
1243,54472
1243,1776
1243,994970
1243,44735
99496,11805
96199,515
96199,9281
96199,131239
930012,52358
930012,10959
930012,224197
930012,524
9032,11092
1402972,17087
9032,2710
9032,569
9032,16379
9032,10696
9032,3027
9032,957
9032,9033
9032,1461
9032,11012
9032,6046
9032,2695
9032,488
9032,974
9032,1121
92015,5970
92015,4429
92015,1776
98132,31155
98132,21479
4945,5551
4945,5552
4945,7087
4945,110
4945,488
4945,44789
4945,45987
4945,1121
1748,12891
1748,4937
1748,52139
1748,36811
1748,2199887
1748,72757
1748,1230194
72624,4581
72624,5696
971292,1039356
971292,2283
37852,15218
37852,879
934281,30711
934281,114470
142276,24045
142276,1823051
57633,11090
57633,1300
57633,67758
57633,55638
1219201,55477
1219201,13520
9281,22226
9281,55536
9281,67796
9281,1152
9281,4937
9281,218737
9281,11218
9281,19274
9281,19303
9281,5367
50583,19292
50583,11401
233108,309
32796,13235
32796,57692
32796,366
32796,3288
32796,82839
54469,583
54469,569
54469,23626
54469,5723
54469,2303
54469,1532
2127749,81681
969493,1461
969493,31511
56851,106827
56851,608
95977,1003934
95977,1769
95977,11151
95977,52444
95977,1032
32278,55638
32278,74397
32278,880
32278,7132
32278,181751
32278,488
32278,1823051
1059571,5281
1059571,1243
1059571,211962
84075,53684
84075,62831
60949,19292
60949,2632
60949,32895
60949,60950
60949,77075
60949,36811
72952,87257
1911436,55499
1911436,928106
54733,41091
54733,37917
54733,11108
54733,11109
54733,44735
1071,3556
1071,84414
1071,31
1071,524
88750,3776
88750,23626
88750,17277
88750,95519
88750,230300
88750,15488
1555636,5655
51023,10828
51023,51021
18596,3556
18596,1158
37917,1462
37917,1243
37917,132964
37917,56383
37917,21678
37917,20387
37917,2228
37917,2838
37917,2219327
37917,98521
37917,3490
37917,19850
37917,56856
37917,44735
59521,66549
59521,59
59521,90591
59521,58982
95687,1032
79434,64141
1192754,17883
1192754,84931
227910,65314
227910,1776
590343,590346
131870,82885
131870,66555
131870,45400
131870,9994
131870,184581
131870,208519
131870,1212270
5469,30309
5469,39
5469,87257
5469,5655
5469,957
5469,204962
5469,488
5469,78160
5469,54472
19303,17883
19303,564
19303,5281
19303,112588
19303,4429
19303,1748
19303,9281
19303,1670142
19303,2632
19303,57407
19303,89026
19303,138
19303,53267
19303,20503
19303,19274
19303,936211
19303,4566
19303,880
19303,91343
19303,1892
19303,14414
19303,510
1770139,1357
52609,18897
52609,74342
52609,488
52609,3905
56411,564
56411,56412
56411,30614
56411,56323
66193,71267
66193,69797
66193,104644
66193,76595
1224031,1032
1224031,223
93911,3776
93911,12718
38516,1769
38516,83183
59651,5723
18355,3556
1907318,579551
1907318,98521
1907318,1136517
1284498,14386
1284498,579551
1284498,51329
13235,939337
13235,558860
13235,41091
13235,19292
13235,54441
13235,105648
13235,161932
13235,3634
13235,1461
13235,5723
13235,11218
13235,32895
13235,62831
13235,1892
13235,17448
1003190,11218
2746,3634
2746,20213
78040,430997
78040,3026
406976,27
102445,1152
102445,110
102445,488
102445,1032
102445,589
102445,1776
64751,1146
64751,64750
64751,68813
64751,19896
15277,23659
15277,525
15277,10696
15277,957
15277,7087
15277,4937
15277,5723
15277,880
1184590,31155
1115959,7904
1115959,168877
1617373,5602
1617373,78021
27992,21246
587855,707
929616,224875
3026,13524
3026,67773
1424519,41039
55710,11090
55710,23659
55710,22226
55710,74619
55710,177475
55710,985161
55710,62862
55710,30614
55710,21007
55710,56323
1614855,10696
1614855,224610
4385,5555
4385,31493
4385,4955
4385,39012
1884,3776
1884,6340
1884,27436
1884,956
1884,2163
1884,119665
1884,525
1884,3556
1884,23649
1884,19014
1884,138
1884,2260
1884,1461
1884,508
1884,92784
1884,1886
1884,2199
1884,1221668
1884,21007
1884,1896
1884,2945
1884,1158
1884,139150
1884,9612
1884,1892
1884,2391251
1884,1121
76422,9777
76422,8654
57055,8654
15488,15490
15488,119294
15488,1245281
15488,3064
930629,84414
1281387,239
1281387,74315
52701,239
66190,15811
52701,564
52701,15277
66190,12890
52701,539
66190,608
66190,69797
66190,16384
23968,41644
23968,16483
23968,38568
23968,54240
23968,583692
23968,66189
23968,348
1407281,16483
1407281,17697
1081569,1049919
168770,56205
168770,985032
168770,1172366
80586,5470
1302082,115033
1302082,2127
59,3776
59,61
59,27977
59,1650
59,3125
59,37626
202,60585
202,1243
202,9281
202,42
202,52849
202,1461
202,201
202,5953
202,53684
202,5602
202,30614
202,1299057
202,5129
202,1776
26714,2127
36588,372
36588,36589
36588,12238
36588,131947
36588,27428
36588,5470
82511,2283
82511,57755
82511,1136517
8685,569
8685,2690
8685,488
96172,23799
70301,22226
70301,41091
70301,23626
70301,9994
70301,19850
2036,2034
2036,17039
6046,20204
6046,8676
90,5216
90,98
65452,3776
65452,564
65452,525
65452,11701
65452,119294
65452,204962
65452,12238
65452,68
65452,69488
65452,12718
59026,11090
62978,76242
62978,1969405
62978,990
1662226,92012
1662226,236605
1081445,1049919
1081445,129097
1081445,224
1081445,66228
1081445,1137824
92013,92012
92013,1662226
92012,1662226
78064,76242
971273,1140238
971273,40863
971273,76999
971273,1001384
971273,31
971273,62831
76999,971273
2127,100734
2127,1338249
2127,3027
2127,2128
2127,55075
2127,1113116
2127,58189
1001384,1031944
1001384,102445
1001384,971273
1001384,1033654
1001384,564
1001384,1243
1285174,66605
1285174,5656
1285174,1586169
1285174,139135
229604,15488
1187819,62635
1187819,1222225
1187819,99898
1187819,1222224
1682188,1177552
81856,222330
81856,16379
81856,84369
129097,1081445
129097,224
129097,20019
928939,1551414
105435,130030
105435,1032
432,21712
432,1152
432,13235
432,73421
432,1461
432,10959
432,20646
432,11151
432,366
432,13520
432,2303
432,41039
432,11887
90591,2127
90591,2128
90591,1214473
1162816,17087
1162816,1461
880,1465193
880,131680
880,564
880,12891
880,7270
880,2294
880,56539
880,15277
880,556172
880,5216
880,4722
880,14
880,3026
880,1893
880,1461
880,769
880,19303
880,30715
880,472630
880,7017
880,1892
880,39387
880,348
6767,82937
71797,2303
6767,16376
71797,1032
6767,183036
6767,16377
137427,83854
137427,115033
137427,525
137427,564940
137427,27
137427,1215399
137427,4762
137427,488
137427,117642
137427,1121
1581913,53708
1581913,1795072
1581913,1213167
208113,1182669
1581913,78160
1581913,51533
41670,569
41670,45400
41670,21032
77147,11614
77147,19311
7499,62635
7499,125738
7499,1059571
7499,1152
7499,9562
7499,2228
7499,30715
7499,54040
7499,114540
7499,6431
7499,1978406
7499,3490
17051,2034
17051,81918
17051,51918
17051,41091
17051,77357
17051,3027
17051,84414
17051,51736
17051,5216
17051,41088
17051,19274
17051,69122
17051,2228
17051,10959
17051,62862
17051,21007
17051,52139
17051,524
17051,41039
17051,88029
17051,54697
1963428,1964488
1963428,54441
1963428,13333
54781,15033
54781,21134
54781,3950
54781,33045
30365,28898
182,7018
182,999760
182,172
2149,2675
1156075,544496
2149,2127
1156075,14414
2149,2128
2149,87776
2149,95550
2149,144304
893462,1243
893462,147540
893462,1032
1723,2710
1723,1725
1723,29378
1723,1243
1723,20801
1723,151295
1723,8328
1723,16483
1723,138
1723,39012
1723,12238
1723,1108
1723,19665
1723,1090
23799,16847
1723,1222278
1723,24
1723,1776
1723,37426
23799,138
23799,1461
23799,1215399
23799,8297
23799,1032
7482,9747
7482,3556
7482,133258
21475,9994
1301235,1933266
1447271,139135
58448,27436
58448,12208
58448,62157
58448,9562
58448,60950
9888,73724
9888,4429
9888,2303
9888,22461
34934,15217
34934,1211813
34934,16384
34934,32278
15217,17285
15217,2710
15217,466391
15217,131680
15217,34934
15217,15218
15217,12891
15217,131947
15217,2104243
15217,74569
15217,880
15217,563350
15217,1213170
105643,15217
105643,211962
124279,106827
95433,16863
74863,34934
930707,929825
930707,207132
930707,131680
930707,1577092
930707,1020013
66739,15244
66739,2838
66739,36811
66739,2945
8246,7904
8246,96172
8246,21339
8246,62862
8246,1532
8246,53334
8246,1158
8246,28866
1046142,65225
36602,1193190
36602,15277
36602,20505
36602,20506
36602,181751
36602,1228311
1269667,707
1724,1723
1724,1725
1724,1726
9777,11649
9777,20019
143958,20503
143958,19303
75131,33192
3110,17883
3110,2294
3110,138
3110,91343
3110,1896
3110,2303
3110,1032
3110,3111
51918,3776
51918,17051
51918,3556
51918,6818
51918,5216
51918,2838
51918,30715
51918,51917
51918,8688
51918,40542
51918,579551
51918,1978406
223516,1055231
4688,109708
4688,36811
87257,2034
87257,39
87257,223516
87257,3027
87257,1281190
87257,57755
87257,76070
87257,1023483
6159,15730
6159,515
6159,176489
6159,1270
6159,73421
6159,108
6159,5602
6159,3087
6159,31
6159,589
6159,55636
6159,67773
239672,37268
2163,280
1119877,19292
181096,6056
177532,206410
177532,55536
177532,45400
177532,31
177532,2199
177532,62863
177532,524
109695,5281
15557,66962
15557,508
15557,12900
15557,56856
1152054,41091
1152054,174514
1152054,63234
1152054,2228
1152054,1892
32983,1243
32983,66605
32983,1241
32983,1930
32983,139135
1038,5281
1038,1243
1038,7056
1038,3556
1038,1461
1038,1032
1038,1892
1038,24
1038,59670
45419,40863
45419,5723
45419,1140272
234817,6047
234817,1038655
4760,9147
4760,97296
564,1146
564,59918
564,995326
564,569
564,66113
564,1650
564,6163
26473,5655
26473,5723
26473,1158
148804,102109
148804,3905
94917,94916
933262,3634
933262,8780
1769,1223
1769,4429
1769,80591
1769,95977
1769,13235
1769,138
1769,17242
1769,38803
1769,6201
1769,5953
1769,72125
1769,1532
1769,524
1769,1193602
1769,28866
1769,1776
1769,510
1769,10757
240740,9656
240740,129921
1555061,1177552
933263,372
933263,3634
933263,8780
933263,5470
65133,62644
65133,12208
65133,51944
11011,11092
11011,99363
11011,12891
11011,6818
11011,819
11011,74624
1453505,78021
40684,11092
40684,1239407
40684,10859
40684,30614
1432080,175285
95321,11614
95321,76422
95321,95320
95321,10859
95321,5216
155531,11090
1179723,1641679
155531,146459
155531,15346
1179723,75286
155531,55710
155531,22226
155531,108
155531,219396
155531,11108
155531,11109
155531,488
75286,1641679
198612,14
12891,15217
12891,2710
12891,15218
12891,11011
12891,47506
12891,1130788
12891,488
12891,117642
12891,51533
30149,2710
30149,20457
30149,33312
30149,68928
30149,31
30149,488
1152005,110283
1152005,136495
1152005,859754
1152005,45421
1152005,1044255
1152005,34110
1152005,1893
1152005,5090
52049,52051
15254,39104
15254,3556
15254,17016
15254,258
15254,37626
15254,112200
15254,1621370
36425,2710
36425,19274
36425,71551
36425,11108
36425,67485
36425,72757
36425,51329
86626,1020767
86626,19274
86626,132857
5953,136495
86626,1532
5953,9656
86626,41039
5953,17883
86626,1059572
5953,202
86626,44735
5953,1769
5953,86626
5953,84414
5953,73421
5953,1461
5953,201
5953,56578
5953,212
5953,76070
5953,1032
5953,139135
5953,1776
217587,23659
11090,58744
11090,1643383
217587,55710
11090,146459
217587,88029
11090,155531
217587,2549694
11090,55710
11090,22226
11090,12891
164554,15175
11090,2294
164554,42
11090,14999
11090,138
19975,51298
11090,47730
11090,52443
19975,78439
11090,108
11090,19303
11090,11108
11090,11109
11090,52842
11090,488
11090,41039
56205,10859
1361219,1363726
1150,3776
1150,118303
1150,8328
1150,1152
1150,65677
1150,138
1150,1035
1150,5656
1150,11770
1150,30715
1150,1158
1150,122582
1150,488
1150,1032
1150,1776
94471,85563
143011,565938
143011,454177
143011,78021
70500,5294
70500,6730
70500,3224
70500,31
70500,65360
70500,212208
70500,1391986
204484,91394
204484,1201865
204484,18533
18356,515
16378,16379
16378,32030
16378,98
16378,10757
20709,20659
20659,20709
20659,120226
20659,2228
20659,1214473
588828,37526
55493,33192
55493,1280031
55493,24045
55493,19224
55493,139150
55493,524
55493,19850
939155,2710
939155,2294
939155,57581
939155,9832
939155,189230
939155,12238
939155,5602
939155,2419
90037,15149
147113,224197
15892,19274
774,16483
774,31
78054,15488
8844,515
8844,7630
8844,45407
8844,3027
8844,30368
8844,12238
8844,508
8844,3388
8844,16961
8844,51851
8844,67367
8844,31
8844,1150
8844,488
8844,648
8844,519
8844,67773
8844,72757
8844,348
68020,5281
68020,1032
122582,5656
80762,112280
80762,14999
88743,151295
88743,16378
58689,22226
58689,2632
58689,23626
7488,5281
1541264,565491
1541264,145170
81437,23626
930710,1115959
930710,86626
930710,84414
930710,77950
930710,77951
930710,166776
930710,41088
930710,31
930710,543261
930710,44735
1018332,137427
144221,880
43141,25598
43141,2036
43141,3225
14597,1978406
87082,67580
87082,127463
999760,1243
999760,957
1179822,17051
1179822,61178
1179822,22215
1179823,17051
1044835,19665
1044835,488
8328,15217
8328,17285
8328,1723
8328,151295
8328,1152
8328,138
8328,1035
8328,38568
8328,30715
8328,16938
8328,488
8328,1032
8328,24
8328,58728
8328,1776
8328,1621370
62157,58873
62157,57130
62157,59291
1607672,51021
1607672,51023
1607672,2127
56412,56411
56412,56323
1551545,1893
71267,1179651
5892,5877
5892,117642
16847,16848
16847,120245
16847,11090
16847,2294
16847,3027
16847,138
16847,35796
16847,5602
16847,150
16847,59291
16847,488
55499,21527
55499,569
55499,55500
55499,928106
55499,2303
2746,1158
2746,1032
2746,35028
124747,488
72034,5575
72034,9281
72034,68039
968666,9832
968666,5723
66681,1039527
66681,1039528
66681,1039529
15175,3776
15175,27436
15175,72638
15175,1243
15175,3556
15175,16483
15175,57399
15175,39012
15175,2176
15175,68
15175,1650
15175,7722
15175,65108
15175,1158
15175,6039
15175,72757
15175,67752
15175,1776
1039527,23659
1039527,66681
1039527,1039528
1039527,1039529
24492,3776
24492,8328
24492,1152
24492,9748
2417656,11614
2417656,138781
7832,673
1208178,1208179
1208179,1208178
56578,9656
56578,56584
56578,56585
56578,5953
56578,110068
1060223,1522546
82226,45407
82226,41088
82226,202816
57270,10859
57270,1227160
17329,55638
61363,1191348
61363,98522
1065346,1284159
1065346,1254
1065346,55499
1074721,1710473
1074721,488
1074721,24
7879,7087
7879,15774
7879,15811
7879,608
7879,280
7879,510
7879,57646
1464449,488
11864,13922
11864,204325
77121,9562
77121,4566
1145214,525
1145214,201
30310,14887
57581,231199
56383,37917
56383,933121
56383,16863
56383,44735
119294,3776
119294,72196
119294,5970
119294,15490
119294,9747
119294,6818
119294,138
119294,120226
119294,69488
119294,1650
119294,1032
119294,15488
82194,82195
82194,108
82194,7722
10781,13333
91394,204484
102109,148804
102109,23626
102109,186329
45407,45405
45407,1155547
45407,221944
1290451,608
1290451,930567
224,3776
224,12952
224,2710
224,23227
224,1432635
224,129097
224,110
224,76070
224,488
224,455
224,1032
66605,1146
66605,72638
66605,2283
66605,45400
66605,5129
89596,2451598
88823,55936
1286540,204484
1286540,1286519
1286540,488
1286540,24
143593,3776
143593,93396
143593,39657
143593,27428
143593,137427
143593,10757
88926,4581
88926,6732
88926,1243
88926,136512
88926,1213320
88926,1222855
51034,1179651
83198,1032
934803,2710
934803,103041
934803,19303
934803,488
77104,25598
77104,55439
77104,17016
77104,13333
220691,1152
220691,529913
220691,24045
7036,11649
7036,9994
7036,24
1301933,5281
1301933,508
1301933,1709455
74924,144519
42993,525
42993,91343
82337,82335
82337,37917
82337,1115333
82337,16863
82337,98522
1044255,82885
1044255,582722
1044255,22461
1044255,107766
1174074,55934
1079368,132856
1079368,1224999
1331163,569
1331163,1301933
1331163,66074
1331163,116805
50719,66681
50719,1039527
105338,21712
105338,1150
3417,2163
3417,15218
3417,7132
3417,163496
1382199,117382
1665086,9144
1665086,19725
66088,1170251
1286519,1286540
96439,102109
1813459,17051
1813459,224610
1704,21879
518,7904
518,515
518,1769
518,3388
518,55638
518,543261
518,9994
518,488
518,524
518,163496
518,1892
518,519
518,510
70575,11401
1371878,65360
54868,1152
65630,65629
54025,130253
54025,130030
54025,102445
54025,54048
54025,17496
54025,52444
54025,66728
54025,57434
7256,584566
7256,3490
1413704,956
1413704,23227
1413704,525
1413704,934803
109857,488
854884,1311564
89386,81850
34110,4581
34110,57561
34110,1215399
34110,57755
6733,6732
6733,6730
6733,57130
42,1243
42,10959
42,65879
42,98522
1558077,2719
1167896,579281
1167896,123132
1351011,224
17329,819
17329,51329
40256,569
40256,11701
40256,10959
40256,879
40256,7132
40256,488
1821621,10828
1821621,16847
1821621,39012
77089,83872
77089,60949
77089,1463156
77089,12219
77089,22214
138,3776
138,58744
138,11090
138,4385
138,1769
138,2294
138,5281
138,16379
138,525
138,35550
138,3556
138,1152
138,1461
138,39012
138,11770
138,224610
138,92784
138,5602
138,8297
113225,13520
1016214,40476
1016214,15488
107168,146110
107168,88967
107168,20173
5281,77277
5281,72024
5281,1056121
5281,1243
5281,4429
5281,5294
5281,177532
5281,1241
5281,11218
5281,122423
5281,819
5281,36811
5281,1158
5281,488
5281,1032
5281,51329
1380821,12094
1380821,212285
1037997,1079368
1037997,129561
1037997,107766
1190264,62946
1190264,1219692
8676,20204
8676,73609
8676,6046
8676,80019
8676,1706
54050,56785
54050,102735
51851,8844
51851,30368
51851,1144604
51851,41039
550162,2710
550162,138
550162,98
47506,168309
23532,33192
47506,36603
23532,57492
23532,4937
23532,88967
47506,12995
47506,15218
23532,212
47506,12891
23532,880
47506,28974
23532,105647
47506,1293994
47506,149495
47506,161839
47506,167784
47506,32278
47506,33045
47506,17039
47506,1213074
35785,35771
551989,5281
1038015,97579
551989,2632
82885,131870
82885,45400
82885,184581
72024,5281
72024,1896
74623,66515
74623,19274
74623,131521
74623,579551
74623,1032
74623,212208
74623,53942
1907753,515
1907753,22226
1907753,1152
1907753,227554
1907753,1892
1907753,24
1907753,1121
129921,928449
2102249,80602
1107439,208990
1221053,151131
1107439,69051
93286,20374
95575,95573
12833,1152
12833,4027
12833,31
12833,1892
12833,6163
95573,95575
95573,4937
238001,62897
1368897,557100
3288,86239
3288,225499
3288,220303
3288,151092
3288,19242
3288,3225
3288,108
3288,19119
3288,488
3288,208519
3288,56856
29009,4581
29009,1407486
29009,7056
29009,15033
29009,4757
29009,220088
29009,880
29009,488
29009,17697
29009,27518
29009,27519
29009,51329
5065,67773
22215,22226
22215,58225
22215,466505
22215,9281
22215,113373
22215,212
22215,15009
22215,62861
22215,12219
22215,35028
22215,22214
60700,58504
142618,64813
24173,19292
24173,109708
24173,880
24173,41670
24173,1896
24173,21526
24173,488
24173,24
1614,15730
1614,5281
1614,7056
1614,37917
1614,1617
1614,4566
1614,60099
1614,67773
1056121,1151834
1056121,1485107
1056121,16483
1056121,1639084
78160,3776
78160,5970
78160,23227
78160,39725
78160,16379
78160,4955
78160,2838
78160,1299057
78160,1137824
939336,939337
128639,31
939337,939336
939337,98104
1045176,41088
1045176,1893
19841,19840
928885,79961
7017,2034
7017,15730
7017,7018
24294,880
7017,12995
7017,5294
7017,36589
7017,57573
7017,880
7017,76070
7017,1532
7017,20300
7017,68720
1932178,1652371
1932178,1056739
21712,59583
21712,66721
21712,879
21712,56857
21712,488
116881,130514
33349,1032
10828,1465193
1978,11701
1978,52896
1978,109478
10828,39516
1978,6162
10828,2710
10828,1246154
10828,114016
10828,11218
10828,108
10828,76070
10828,24
10828,223
10828,51329
10828,1137824
1480151,211845
1480151,151343
229568,59
10620,68
10620,2303
558860,1198724
558860,76070
558860,44735
18997,11614
18997,957
18997,3634
18997,42
18997,24045
18997,5216
18997,73421
18997,55789
18997,524
18997,1892
18997,974
78188,1243
78188,37526
1103,23880
78188,45400
78188,2838
78188,30715
78188,78190
11092,956
11092,11011
11092,11701
11092,82194
11092,8844
11092,934803
11092,957
11092,65734
11092,366
11092,202816
11092,488
56349,1776
141963,141964
141963,141962
87494,16847
525,136495
525,15217
525,17883
525,3893
525,77863
525,10828
525,527
525,204962
525,1158
525,488
525,1032
525,137427
16863,73421
16863,938234
16863,524
85203,455
74752,3027
142312,2710
94342,1544170
10855,280
38785,48567
38785,26076
159767,56205
159767,55439
26852,1140238
26852,76999
26852,31268
17825,40223
17825,17883
17825,115033
17825,229482
17825,10859
17825,930710
17825,2127
17825,1155547
17825,61069
17825,17871
17825,89576
17825,62854
17825,488
17825,1129908
17825,137427
17825,56323
1057984,1032
2679,2675
17835,23659
17835,39189
17835,2632
17835,16376
17835,47730
17835,52849
17835,16377
17835,13524
17835,11108
17835,5741
122029,39
1498662,1593336
1593336,1498662
4429,1432635
4429,5281
4429,201
4429,2838
4429,76070
4429,150
4429,2303
4429,1532
170820,55536
53935,10959
53935,1158
19242,59583
19242,57113
19242,819
19242,3288
26775,99436
26775,18897
17167,707
17167,488
55934,1643383
55934,1546365
55934,71082
55934,89847
55934,204962
55934,84740
55934,280
55934,1052583
55934,1097660
55934,89843
55934,55936
62768,142686
62768,62770
62768,11401
62768,36669
62768,27710
1685190,5953
33192,1212871
33192,75131
99436,4385
99436,2294
33192,114334
33192,6201
33192,71872
99436,70675
99436,138
99436,11401
5294,7018
5294,71947
5294,12891
5294,51864
5294,5281
5294,1243
5294,70500
5294,15277
5294,5872
5294,79434
5294,55499
5294,940376
5294,2283
5294,3224
5294,11218
5294,1192893
5294,43141
5294,6046
5294,1508314
5294,23446
5294,108346
5294,1896
5294,488
5294,42138
5294,44735
1191348,929825
91569,4762
1191348,5602
1191348,30715
1294862,1711826
1294862,543261
19416,59919
19416,5953
19416,1138699
59803,137262
59803,11701
59803,21879
59803,15812
1031463,23880
1031463,33192
1031463,19274
1031463,880
1031463,117642
89847,55934
89847,1286797
1284159,1238434
11266,15217
11266,9340
96677,11701
56857,41670
56857,56856
935896,309
14392,2710
935896,258
14392,7482
14392,51686
132964,132963
132964,80591
132964,37917
132964,2202398
1333,65452
1333,17051
1333,6730
1333,108
1333,128
1333,110
1333,166995
1333,11108
1333,488
1333,145046
1193499,1311564
928490,61
928490,59
204250,5281
158938,879
9158,9155
116805,55536
116805,41091
19769,203285
116805,174514
19769,80675
116805,1106222
19769,33192
116805,1109702
19769,1936668
116805,440414
19769,16483
116805,41039
19769,10959
116805,56661
19769,8688
19769,13927
1640646,23659
1640646,55710
1640646,1180698
1640646,1180701
77357,1420608
1035,569
1035,16379
1035,33192
1035,36589
1035,8328
1035,16938
1035,57755
1035,68
1035,1150
1035,488
1035,1032
1035,1776
3556,43553
3556,59
3556,1243
3556,120096
3556,21678
3556,3558
3556,1109815
3556,938835
3556,5470
5655,1243
5655,3556
5655,13922
5655,138
5655,5656
5655,309
5655,1461
5655,38803
5655,31
5655,819
5655,1532
5655,37626
5655,524
5655,1032
5655,3490
5655,8654
5655,1121
142272,24045
142272,1823051
6818,45730
6818,17051
6818,204962
6818,73421
6818,608
6818,258
6818,1650
6818,2303
6818,10249
6818,18533
8688,23659
8688,51918
8688,10828
8688,11218
8688,258
8688,488
239794,71947
323,4723
323,2034
323,10967
323,3556
323,67054
323,138
323,5953
323,92784
323,18862
59811,118303
59811,1407281
59811,35550
59811,50583
59811,1911436
59811,62768
59811,1301933
59811,11012
59811,55789
59811,1300274
59811,55075
59811,1732141
204325,7132
17183,15217
17183,2260
17183,2228
17183,5140
17183,488
17183,1032
17183,11449
17183,510
17183,5010
1151353,8395
45405,182009
45405,45407
69371,16214
69371,10747
69371,1194205
69371,6162
69371,1032
69371,36669
1184967,53519
1184967,1373735
1184967,1193597
572295,940376
5656,22226
5656,5281
5656,1243
5656,78188
5656,4429
5656,7056
5656,19292
5656,5655
5656,204962
5656,1241
5656,45400
5656,39012
5656,8447
5656,18863
5656,12900
5656,1650
5656,78190
5656,1150
5656,122582
5656,488
1936668,591835
1936668,1448221
1936668,4762
15115,1386893
15115,1397821
15115,58502
15115,679
61542,19416
60074,23659
60074,1187819
60074,58225
60074,86626
60074,39189
60074,15277
60074,16376
60074,63234
60074,113373
60074,66633
60074,17087
60074,109708
60074,59410
60074,220088
60074,12219
60074,90492
60074,41039
60074,139135
85666,95510
85666,230433
85666,119819
86164,81217
115128,84075
115128,2632
115128,71551
115128,41039
115128,1841252
115128,1436999
115128,67773
1182311,2128
82286,2303
82286,1032
82286,3490
82286,6111
18865,59
18865,6730
18865,58189
18865,2419
21678,3556
21678,37917
21678,222686
229519,2838
229519,76627
229519,98
229519,20173
145821,61
145821,59
1293994,16847
1293994,1461
1293994,1661850
68574,3905
101543,40863
101543,101542
101543,1001384
209879,130253
209879,90609
209879,53068
209879,593079
209879,30614
209879,930526
1179824,17051
1130788,12891
1130788,151295
57492,71797
57492,12891
57492,1341911
57492,19003
57492,19006
57492,84369
4135,20204
4135,7056
4135,556172
4135,1241
4135,10959
4135,55636
4135,1892
4135,348
4135,5470
40864,40863
40864,130030
40864,65452
40864,5656
51866,565491
51866,51864
51866,211962
51866,1113116
51866,95458
224644,1032
54507,65360
12898,4566
1224031,34050
1224031,1224030
113570,44735
145221,2294
145221,138
229702,12952
229702,5294
229702,121000
229702,943183
229702,1508314
229702,1448199
10696,59
10696,1243
2185140,1612078
927706,224610
99710,123313
13496,130030
13496,1241
13496,13333
1341911,57492
1341911,17087
1341911,116805
1341911,41039
20746,3490
1063377,55934
1063377,16376
1063377,14
1063377,1158
1063377,17697
1063377,212208
51298,23659
51298,55536
51298,13922
51298,105648
51298,55789
51298,3087
51298,51329
51298,56323
558062,3776
558062,1243
558062,17087
229873,309
1087685,1213573
142192,19303
14999,565491
14999,11090
14999,1284159
14999,3027
14999,138
14999,4955
14999,5723
14999,205379
14999,11770
14999,1032
14999,64035
14999,4014
264113,589
1521952,119294
1365760,121798
19536,488
63937,16214
63937,23880
63937,13922
66512,70575
95320,95321
95320,10859
95320,56856
4610,203285
90694,59984
4610,10828
4610,3556
4610,16483
4610,707
4610,135795
4610,488
4610,55636
4610,519
4610,67773
1028244,17051
550475,108107
111686,1236982
111686,449
111686,11108
111686,11109
995566,110283
995566,564
995566,558860
995566,27797
995566,45405
995566,1136502
995566,19303
20019,9777
20019,35550
20019,24045
20019,4566
1033654,40863
1033654,1001384
1033654,16860
1033654,592318
1033654,5602
1033654,1032
4600,102445
4600,4385
4600,569
4600,1217029
4600,54469
4600,39012
4600,66212
4600,31
4600,11108
4600,488
4600,1032
4600,519
4600,1776
72619,226651
17016,3556
17016,23446
17016,19665
17016,53334
51679,17883
51679,14172
51679,1152
51679,1395183
51679,1232123
11701,11864
11701,1152
11701,3634
11701,1780413
11701,1215399
11701,879
229482,567120
1098037,1098038
2020100,1371509
38804,23626
38804,1158
38804,53240
15852,9281
15852,39819
15852,1152
15852,3634
95024,11159
95024,1896
95024,76245
1288345,812068
1288345,127463
4784,930707
4784,13235
4784,14
4784,5656
4784,45400
4784,4762
4784,879
4784,5602
4784,67367
4784,488
4784,212208
4784,2224670
65594,1896
65594,54472
117841,17087
117841,53708
38692,10959
95255,16384
139250,76070
1167211,18897
1167211,138
14353,4762
14353,9147
132876,2127
132876,31
132876,117642
2766240,880
2766240,3905
39189,84416
39189,84417
39189,211845
39189,17835
39189,55934
39189,98103
39189,14
39189,59919
39189,17697
39189,1629497
79033,17697
13922,15218
13922,1243
13922,13524
58552,138
36693,12094
36693,12952
36693,372
36693,7056
36693,36589
36693,3634
36693,84021
36693,55477
36693,13333
36693,69697
36693,12718
36693,20300
159778,58370
1212522,1293994
1191719,1243
1191719,15488
18897,9656
18897,11090
18897,4581
18897,11701
18897,44916
18897,16483
18897,138
18897,1145610
18897,11401
18897,3490
15389,3776
15389,1650
1758713,59803
1758713,488
230642,12180
230642,608
230642,1403483
108952,16848
59357,1020013
59357,7087
32278,225633
32278,18189
32278,34934
32278,11770
138,11401
138,3125
138,1150
138,488
138,1032
138,1121
10051,16848
645348,224610
10051,27797
10051,3027
10051,11770
10051,59291
10051,5140
10051,21183
10051,488
1177544,14386
81082,1416383
53267,51944
135601,10828
47826,229568
47826,1957
24045,1529110
24045,22226
24045,17051
24045,525
24045,1152
24045,19274
24045,13520
24045,488
24045,24
932248,1046225
932248,880
58873,19536
58873,18897
58873,1158
58873,1776
1211781,55934
1211781,1293994
1211781,55499
1211781,52443
1211781,8676
1211781,64141
1211781,11218
1211781,1108
1211781,32278
1211781,7775
1211781,2224670
1211781,510
56842,69488
1106991,1105073
5216,16379
113373,17883
5216,73421
113373,59410
5216,1893
113373,933558
113373,41039
5216,4937
113373,212208
5216,123997
113373,210160
5216,2228
113373,22214
5216,19303
113373,1222189
5216,880
5216,76070
5216,51917
5216,21007
5216,1892
1389015,5281
1163129,515
7865,8161
7865,2294
7865,11701
7865,366
7865,117443
98103,3776
98103,105435
98103,211845
98103,1243
98103,39189
98103,104561
98103,4937
98103,116267
98103,4762
98103,14887
98103,76070
98103,280
98103,21007
98103,98104
98103,44735
201279,38516
201279,12238
201279,1776
23315,28898
1167470,1412121
4955,4385
4955,14999
4955,11770
4955,13333
4955,78160
2636,1821621
2636,39012
2636,68
2636,1650
2636,112200
116076,52849
116076,16377
8858,11614
8858,22226
8858,56205
8858,224
8858,41088
8858,3026
8858,52443
8858,707
8858,1524
8858,280
8858,1532
8858,116805
8858,2690
8858,11887
17242,1769
17242,38803
17242,1180701
17242,1776
502188,1243
163998,1109815
163998,10757
53334,62644
53334,17016
53334,524
3047,3045
27226,16848
27226,20294
27226,61117
27226,5140
27226,2404078
6361,15730
6361,58689
6361,178564
21183,56960
21183,42
21183,1035
21183,1241
21183,1634
21183,30614
21183,1363577
21183,5470
145057,3776
35468,12891
35468,35550
109439,33192
109439,20374
109439,57755
139474,36805
7395,7396
1089843,1065549
57130,55710
57130,58225
7396,7395
7396,1532
57130,324
57130,73421
7396,589
57130,879
7396,54697
57130,21007
57130,41039
57130,1317388
57130,51329
29214,10859
29214,19274
29214,69122
1550265,2632
1550265,16377
1550265,55638
90178,1074867
1064947,939440
1064947,146110
933739,222330
7314,12238
7314,608
7314,280
7314,5129
152414,145305
973,956
973,14999
973,957
973,151343
973,11449
973,974
974,956
974,4566
974,125267
10702,18897
983909,99363
983909,66549
983909,61855
983909,3225
983909,1448221
983909,34050
983909,13235
983909,1423660
983909,3388
983909,13524
303064,45407
79872,11449
66633,59410
66633,24951
101911,224610
101911,589
224875,929616
19656,6575
19656,1284159
19656,24045
21161,47652
57604,1748
57604,2632
57604,14
57604,1461
57604,19274
57604,220088
57604,77075
220088,15217
220088,52849
220088,440414
220088,1136517
28898,1158
28898,30365
562141,1211636
562141,56262
16785,2176
2873,1776
1329260,1635720
172,586002
172,2034
172,11090
172,4581
172,55251
172,65452
172,105435
172,11701
172,62946
172,201639
172,6730
172,163998
172,59919
172,137467
172,45053
172,1893
172,26190
172,64194
172,15602
172,83287
172,70144
172,125505
172,84665
172,15488
172,53240
985032,92012
985032,56205
985032,55439
109402,17051
1182439,1182440
24657,515
24657,8966
24657,1032
37710,7904
37710,72757
37710,62941
5713,5723
5713,11108
5713,1032
56539,1243
56539,55536
56539,1437482
56539,23626
56539,177532
56539,52849
56539,220088
56539,1032
56539,5010
1098477,129097
1098477,1098478
1098477,1176124
1266175,1582866
29605,3027
40541,4955
29605,16483
40541,105866
40541,1121
1306608,6431
1306608,1320421
227252,225422
104561,22226
104561,98103
104561,14887
104561,510
1037308,96199
9054,70940
1548714,71725
9054,39760
9054,103360
9054,11993
9054,68
566328,1394669
74060,108
226622,18533
1180536,1180535
1180535,1717627
1200481,565382
1305138,39
1305138,372
1305138,58689
2303,3556
2303,1032
2303,1310844
131617,211845
131617,138
131617,162931
103312,78021
12786,11701
12786,16483
12786,348
179632,3388
69237,57637
69237,2589
16483,62635
16483,1056121
16483,1243
16483,16847
16483,1215399
16483,32895
16483,1551545
16483,16938
16483,27846
16483,34517
562695,31155
2719,16483
562695,5216
562695,59330
562695,109402
109339,3027
76009,515
1702843,1702842
17087,3125
17087,13333
1241,1224
1241,5281
1241,1243
1241,19292
1241,15175
1241,32278
1241,1032
1577184,6201
11873,11864
11873,10859
17812,30614
17812,819
497737,41088
1055220,11108
29783,12208
29783,57637
29783,44735
11343,7018
11343,146459
11343,2710
11343,10967
11343,204962
11343,58873
11343,11218
11343,12238
11343,6162
11343,488
11343,15488
935043,67758
4453,42
4453,73421
4453,2228
4453,65879
996242,19292
1721,2710
1721,2294
1721,934803
26457,22226
26457,62831
5387,11649
5387,22226
5387,3290
5387,83985
5387,57130
5387,1141683
5387,76009
5387,11012
5387,17871
5387,5367
5387,20647
5387,51329
5387,52049
20646,87010
37932,55638
37932,13927
66121,9777
66121,64172
66121,67773
58189,15345
58189,15346
58189,17051
58189,16838
58189,78417
122423,204962
30586,30614
1167487,543505
1167487,35028
75960,1238434
75960,1340023
66555,38023
84740,55934
84740,84739
27889,12718
27889,5470
5292,569
5292,5281
5292,21712
5292,22814
5292,11701
5292,10859
5292,1152
5292,17087
5292,1238222
5292,3087
5292,31
5292,7132
5292,55636
5292,20019
47730,30309
47730,76242
47730,11090
47730,21339
47730,11108
47730,1227439
1110102,9562
108205,5602
108205,6431
76965,2034
76965,4581
76965,62635
76965,957
76965,1032
1137903,11701
1137903,5216
1137903,2228
1137903,27428
1137903,81850
1561511,1230367
2338794,1528718
56381,81856
56381,77357
56381,17496
52968,16483
93419,13520
84739,84740
1617,1731915
1617,72638
1617,12833
1617,56539
229043,151343
522594,522595
36631,9994
12890,7
12890,7087
12890,84496
12890,608
1172366,168770
2440249,1177552
1024219,1140442
9033,1014026
9033,1239407
9033,33312
9033,47506
9033,28974
9033,11701
9033,11864
9033,10747
9033,120254
9033,6047
9033,2695
9033,8193
9033,1121
225009,45400
225009,258
225009,524
1233,7018
1233,4581
1233,11649
1233,202
1233,569
1233,5281
1233,17835
1233,19292
1233,66605
1233,2632
1233,204962
1233,5346
1233,52849
1233,73421
1233,1461
1233,21134
1233,140252
1233,4762
1233,54240
1233,31
1233,4566
1233,1930
1233,3230
1233,819
1233,9994
1233,13333
1233,1158
1233,524
1233,1892
1233,67773
98538,10707
1180074,55493
1180074,527607
1157590,1157591
942251,230542
57691,5953
57691,1776
1572145,51864
1572145,1041394
228834,1133294
228834,78500
228834,2175367
557818,16214
38883,1650
557818,2252
557818,6163
557818,59258
2171,3125
74106,74105
40644,1076800
101183,19303
136153,291263
64140,1284159
64140,3634
14405,19292
14405,1150
14405,66681
14405,1039527
1288727,56539
1288727,13235
1288727,3905
571473,3490
1198257,182009
75699,5216
75699,40277
75699,1532
75699,35028
141688,71082
876,24049
876,13520
56194,2228
56194,69488
56194,93504
21526,2710
21526,7166
1279519,1080778
35466,14999
989235,225633
989235,1152
989235,53176
989235,81256
989235,232959
989235,117642
36811,1213573
36811,14
91388,2034
91388,547781
1222393,22226
1222393,525
1222393,59413
2838,51918
2838,1243
2838,16379
2838,78188
2838,4429
2838,6818
2838,21678
2838,37917
2838,42
2838,5602
2838,57755
2838,51917
2838,16378
2838,6162
2838,22461
2838,1150
2838,937570
2838,78160
30715,11701
30715,1461
30715,2228
30715,880
30715,57755
30715,3490
30715,1121
67367,930707
67367,24045
1211732,1152
1211732,17087
74436,207132
74436,3556
74436,36602
3905,5216
224687,567120
45400,40863
45400,130030
45400,65452
45400,9888
45400,45407
45400,1243
45400,78188
45400,5655
45400,5656
45400,1295220
45400,30614
45400,41670
45400,222686
45400,524
45400,44735
5696,72624
5696,15112
5696,3087
5696,8483
55476,65866
55476,372
55476,1182720
55476,3634
55476,55477
55476,231709
55476,231716
55476,192938
55476,1629497
55476,1963456
55476,54472
16384,11649
16384,34934
16384,138
16384,7
16384,39012
16384,19665
16384,488
16384,1032
16384,34517
16384,8654
16384,1776
6413,1032
6413,28866
183760,158938
7166,1217601
7166,22226
7166,24173
7166,1243
7166,1748
7166,16376
7166,16483
7166,3026
7166,109708
7166,19303
7166,31
7166,54645
7166,52139
7166,1158
7166,1032
7166,76245
2283,39
2283,146459
2283,1243
2283,5294
2283,7056
2283,36589
2283,23626
2283,556172
2283,21134
2283,108
2283,23446
2283,31
2283,4566
2283,488
2283,17697
2283,44735
93214,2710
1566466,14386
222470,61178
7,11092
7,569
7,12891
7,14
7,12890
7,84496
7,16961
7,16384
7,7929
7,519
1788573,2018919
9556,1006148
1140476,30309
1140476,25598
1140476,4760
1140476,224
1200558,71082
28249,5602
28249,16384
28249,2293
50767,1893
50767,30614
50767,52444
50767,488
30368,8844
30368,51851
136495,207132
136495,1219529
1309008,524
131946,81476
131946,4937
131946,1032
131946,44735
6884,15217
6884,53068
6884,53069
6884,23964
6884,309
6884,15774
6884,211962
6884,131947
6884,30614
6884,1137903
6884,1213170
4491,22226
4491,1075786
4491,19292
4491,11701
4491,4937
4491,15009
4491,880
4491,62861
4491,41039
3416,96172
3416,7270
3416,1243
3416,129718
3416,1284159
3416,3026
3416,17016
3416,2228
3416,6162
3416,55636
3416,2880
3416,139135
3416,51329
72208,62644
72208,10859
72208,31
72208,14386
72208,880
62081,65360
88675,76794
88675,1903350
52934,59919
52934,41088
52934,21007
52934,26205
52934,41039
5572,1243
5572,50583
5572,510
963482,135795
3224,15730
3224,4581
3224,515
3224,12952
3224,5294
3224,3225
3224,12238
3224,224610
3224,55477
3224,70144
3224,53863
3224,113515
3224,1032
3224,68720
607,55916
607,488
607,1892
1003236,69122
43993,39058
43518,2710
1580896,2710
1580896,5524
18898,11614
18898,12824
18898,15812
18898,24
131397,131388
131397,98522
1353802,1197572
1216745,1748
1216745,52139
1063932,224610
1063932,163496
39298,10249
54040,879
1300274,58502
994314,48567
1906015,55251
1906015,16483
17386,18176
17386,17387
64227,16848
64227,1009255
64227,17051
64227,19311
64227,74619
64227,18384
64227,52934
64227,177532
64227,54734
64227,19274
64227,69237
64227,77885
64227,20193
64227,62862
64227,62863
64227,62854
64227,56661
5345,5346
5345,68928
5345,1930
5345,9147
82829,63208
83281,1310031
177475,55710
177475,1001113
177475,59410
177475,212
177475,224197
177475,85236
177475,41039
53708,1243
53708,56383
53708,204962
53708,15488
95022,956
95022,569
95022,41091
95022,53935
95022,1030260
95022,10959
95022,81850
95022,455
122728,1930
84369,81856
84369,71797
84369,569
84369,6818
84369,57492
84369,19006
84369,579551
84369,18533
1039433,96342
1039433,53684
8029,57755
52850,17883
52850,569
71548,1568670
71548,71551
71548,1650
71548,1032
81882,11325
111205,1451013
73832,62644
73832,36811
119396,142995
119396,93396
1414867,1232123
35453,59
18161,23626
35453,2228
35453,17698
18161,5696
35453,50949
119368,41091
119368,10859
119368,19014
119368,177532
119368,144009
19012,151295
576537,239574
52443,56205
52443,138
52443,1461
52443,707
52443,1532
52443,52444
52443,62861
52443,11887
15774,7087
15774,488
15774,510
1449583,22226
168798,11649
168798,11011
168798,1243
22214,22226
22214,9281
22214,539
22214,22215
22214,62831
22214,21007
22214,77089
22214,51329
16860,1033654
16860,39819
16860,14414
1001797,1001799
1031944,1031943
930695,1152
239418,54614
239418,230300
239418,44810
3753,1158
19119,101399
19119,11701
19119,17520
19119,18897
19119,17496
19119,138
19119,1281190
19119,56225
19119,3288
19119,21669
19119,524
19119,137427
52935,1293994
52935,74569
57727,18897
1254001,521563
1254001,19274
7467,2978
7467,15217
7467,37917
7467,2260
7467,201
7467,1194205
7467,5953
7467,2228
7467,1612078
7467,880
12180,3776
7467,13520
7467,819
12180,2710
7467,12047
12180,608
7467,3125
12180,488
7467,1032
7467,44735
56353,23880
56353,56349
56353,57399
120226,119294
2878,63208
2878,280
2878,488
2878,1776
52803,209513
52803,15009
52803,18863
27319,10828
27319,3556
27319,138
27319,510
1187130,39
1187130,54472
223736,1655952
223736,2228
223736,16391
1782147,479588
479588,71797
479588,1782147
55789,26061
149887,1344622
239075,44735
291263,11092
291263,11614
291263,62644
291263,1474448
291263,5281
291263,132856
291263,11770
291263,3388
291263,1795072
291263,5140
291263,488
291263,67773
291263,22214
291263,57646
85085,15033
85085,1607044
173298,22810
215726,1662226
215726,125505
22810,211845
22810,173298
1107724,2712
130482,1374424
141513,59231
130482,55636
57206,1241
57206,5470
1104837,113373
223747,524
1968322,90856
1968322,13922
1152311,1152313
1161214,71082
1161214,5602
1161214,30715
1144604,1056121
1144604,20801
53477,569
1144604,57264
1144604,149495
1144604,1629671
1144604,57755
1176994,273286
408,1532
1200523,144128
38803,1769
38803,5655
38803,17242
38803,1532
38803,1193602
38803,37872
38803,1776
12079,5524
12079,76982
12079,510
1094821,57492
1344622,1474798
1344622,1474799
1344622,68
131864,175285
1140442,17087
21085,12795
21085,51329
76813,2034
76813,85670
21134,3027
21134,23766
99143,37622
99143,39104
99143,4429
99143,4955
99143,74971
99143,11449
230542,53023
11012,64141
11012,1080778
11012,54710
11012,62862
11012,1706
1304213,1177552
5367,1243
5367,455
5367,524
94264,1006148
84416,84417
84416,39189
84416,1524
21198,7087
105866,59913
82351,202586
130750,5723
130750,11993
1485104,1170245
124830,1155148
65225,94124
65225,1046142
65225,1032
65225,56856
227564,9888
227564,525
227564,19292
227564,983909
227564,227565
227564,4762
227564,56206
227564,1032
16919,1217029
12538,41887
12538,219861
12538,42712
12538,52968
12538,10828
12538,2632
12538,40256
12538,98537
12538,2228
8395,59
8395,12891
12538,74638
12538,31
8395,138
12538,62514
12538,24
12538,54472
449,4581
449,11649
449,41088
449,54734
449,19274
449,8297
449,41039
87081,220303
87081,1748
87081,3027
87081,23446
87081,11449
234824,118303
234824,10828
220274,220303
220274,23446
20173,56205
20173,224
20173,78012
1272849,57434
15912,100388
11218,569
11218,1003190
11218,1461
11218,39012
11218,31
11218,258
11218,8688
11218,130140
1098658,201
80219,14999
80219,10859
80219,53120
80219,939306
80219,204761
6201,33192
6201,72624
6201,53023
6201,6211
6201,152463
6201,31
6201,14386
6201,579551
6201,1136517
1485823,64817
1485823,203953
1485823,1179651
39012,3776
1485823,17697
39012,11090
39012,11614
39012,17883
39012,1723
39012,564
39012,1769
39012,15218
39012,1243
39012,10828
39012,5655
39012,204484
39012,1293994
39012,15175
39012,138
39012,5656
39012,67367
39012,366
39012,1650
39012,116805
39012,488
39012,1032
39012,1776
55379,43993
12238,25598
12238,12952
12238,4385
12238,5281
12238,10828
12238,525
12238,67615
12238,4762
12238,11401
12238,19665
12238,488
12238,1032
12238,12718
12238,1776
58005,5294
1276373,974
201,202
201,19274
201,5953
201,258
4027,10828
4027,3027
4027,3026
4027,31
4027,7132
4027,488
4027,26713
69696,1032
1297488,2712
1297488,19536
1176379,60074
1176379,224197
1176379,1650
1176379,1650331
1007686,223736
3210,1152
78439,19975
84451,76082
78439,1930
84451,189230
78439,21960
78439,544496
3110983,3110984
3110983,3064
61300,20503
110876,23659
110876,55710
110876,41091
986586,1170861
20503,19303
20503,880
20503,1892
20503,1237905
69122,12833
69122,19292
69122,15277
69122,8844
69122,5216
69122,212
69122,19224
69122,5602
69122,67773
69122,8654
69122,1121
937830,937811
937811,1748
937811,1224999
11770,2034
11770,11090
11770,2710
11770,98631
11770,15218
11770,47506
11770,2294
11770,74655
11770,10828
11770,57581
11770,2127
11770,15175
11770,138
11770,4955
11770,137467
11770,53120
11770,1423660
11770,558929
11770,11012
11770,2161
11770,2176
11770,1302082
11770,71872
11770,1094069
11770,21183
11770,1636959
11770,14941
11770,488
11770,21684
1174090,1448221
81256,7056
57454,44735
1193554,12891
1193554,13922
1169024,6431
1169024,23430
89027,24
20750,11614
20750,11649
20750,22226
20750,58225
20750,564
20750,45407
20750,15033
20750,11864
20750,13235
20750,105648
20750,52443
20750,1461
20750,239418
20750,11770
20750,15009
20750,5140
20750,163496
20750,44735
539,22226
539,525
539,59413
995462,130051
995462,31155
995462,12995
995462,90591
995462,52935
995462,1155547
995462,53176
995462,23964
995462,291263
995462,1317685
995462,1317686
995462,2689
995462,36602
59413,539
89250,2130
1136502,929825
4439181,186329
439915,11864
439915,55636
932759,17039
131521,114334
131521,24045
131521,76070
131521,524
131521,579551
1023724,68929
1023724,74971
116330,71797
116330,228643
116330,6818
116330,17087
116330,69237
116330,3388
116330,1216660
116330,19012
116330,18533
1668714,12208
94985,74294
1546979,94342
1060643,5281
1060643,17087
15810,15811
1145520,97579
15810,1706
15810,1416383
1145520,73421
1145520,109314
15811,15810
15811,1706
15811,1416383
1579769,12094
1579769,3556
1579769,1152
1579769,55477
1579769,280
21657,929825
21657,12995
21657,129718
21657,17835
21657,77357
21657,125738
21657,82194
21657,10859
21657,55520
21657,2127
21657,3558
21657,52443
21657,73421
21657,1461
21657,4937
21657,11012
21657,472630
21657,81850
21657,1032
21657,1892
21657,3490
991808,1748
60663,7396
1002001,15033
17494,19292
17494,60949
17494,2632
17494,32895
1010002,1178788
17494,60950
134678,32278
134678,181751
13426,19292
13426,16483
13426,7795
13426,60950
13426,55638
15218,16848
15218,40223
15218,83854
15218,19975
15218,57113
15218,72724
15218,14999
15218,19536
15218,1471841
15218,9281
15218,16483
15218,18355
15218,95024
15218,35796
15218,543261
15218,78021
15218,51329
1199903,558929
1199903,1056739
1199903,1136517
544361,1238222
544361,1206073
970156,1978406
116267,17835
116267,39189
116267,98103
116267,182327
23881,8447
23881,13520
71943,71947
42804,99710
2461,11614
2461,1018106
2461,56205
2461,16483
2461,17087
2461,2460
2461,2690
2461,72757
2461,8654
34510,1032
1138244,68929
144493,144492
72156,64194
1424212,11108
8392,59
130687,36811
130687,1136517
144492,9747
144492,119294
144492,144493
1297493,1071
1297493,74624
125324,37917
125324,1023296
125324,1277093
125324,5602
125324,30715
125324,84546
125324,488
582314,3776
582314,11614
582314,488
1243311,31120
133259,1158
133259,67773
1243721,1748
1243721,413453
1564198,1265909
8297,1146
8297,16379
8297,10620
8297,138
8297,11770
8297,23446
8297,58245
8297,24
61847,2294
61847,57454
119665,102445
119665,564
32205,23799
18863,8688
560088,13333
1210377,138
6384,2710
6384,591835
6384,564
6384,525
6384,18355
6384,204962
6384,5216
6384,19769
6384,10959
6384,5602
6384,41670
6384,7132
6384,11401
6384,21183
6384,1158
6384,1032
6384,1776
30711,1032
30711,1892
122842,122843
222686,21678
222686,1241
222686,45400
222686,68813
222686,76070
13524,7904
13524,13922
13524,3026
13524,120560
1179066,86239
13524,519
1179066,32278
1179066,1257144
1179066,7626
1182269,39
1182269,207132
1182269,12952
1182269,1323533
1182269,23626
1182269,3634
1182269,58689
1182269,98103
1182269,1295220
1182269,55477
1182269,1221761
1182269,1318894
1182269,22679
1182269,73289
1182269,47646
21370,12238
21370,224610
21370,1158
21370,974
15452,16376
15452,16377
15452,12219
15452,519
1230367,1561511
1230367,2690
1096867,372
1096867,120096
1096867,1034086
1096867,1182720
1096867,12718
22151,55477
1156209,13235
1156209,2283
206296,1327052
206296,22679
206296,55636
206296,15488
91343,42993
91343,98
78481,78482
44114,18863
1052583,55934
5174,3026
5174,2176
5174,488
5174,510
56891,450952
56891,47646
8311,42804
4757,372
4757,2130
4757,1253596
4757,3125
4757,12718
144009,119368
78136,11770
2216,2710
123795,38023
1844,673
1844,956
1844,42712
1844,23799
1844,138
1844,19656
1844,18161
1844,53348
1844,15810
1844,15811
1844,10959
1844,16938
1844,26205
1844,72427
1844,4014
1844,1404479
608,2710
608,10828
608,5655
608,172
608,7
608,12890
608,69797
608,5602
608,488
608,57646
2460,880
68929,91394
54510,56855
36804,2283
36804,11108
1057655,60074
1057655,115128
1057655,552252
62824,55499
62824,27226
62824,48965
1570400,1199952
648,9747
648,15175
648,73421
648,3087
1413740,36669
648,1650
648,14414
648,348
8686,372
8686,10828
8686,2260
8686,488
212,52849
212,59410
212,69122
212,5953
212,5367
212,1227439
212,59258
108,2710
108,1217029
108,10828
108,204962
108,2283
108,126
108,128
108,16384
108,11108
108,488
108,1032
108,1776
125032,3027
125032,55499
125032,64141
1412121,19303
5620,19292
5620,707
5620,60950
1182669,582722
17697,39
17697,11649
17697,17883
17697,39189
17697,10859
17697,5216
17697,25703
17697,1893
17697,1461
17697,89027
17697,17698
17697,19224
17697,880
17697,30711
17697,488
17697,12219
17697,1892
17697,45419
17697,67773
17697,51329
17697,1023483
1714926,17698
27977,3776
56998,23880
56998,69122
56998,2161
56998,11770
56998,11401
230339,262707
230339,565250
230339,1140437
5501,3228
5501,31
5501,17764
66800,66605
66800,1893
1290265,1179422
60545,20019
2176,880
2176,56873
1357,11614
1357,4429
1357,54441
1357,15277
1357,5216
1357,163998
1571086,146459
1571086,47730
1357,17016
1357,28866
1571086,8676
1571086,30711
1571086,26076
1571086,208456
1571086,54472
1571086,56323
1571086,47646
11641,1223
11641,1224
11641,52358
11641,16847
11641,138
93019,64141
93019,62862
93019,36811
93019,227564
53861,3776
53861,1243
53861,1241
53861,1650
53861,1032
53861,589
53861,10757
53861,46946
1178788,1010002
185438,15277
99096,224610
63820,208664
63820,88029
115033,1680840
86482,68039
115033,22038
115033,11770
115033,55075
115033,17880
69797,66193
17114,515
17114,17108
17114,5281
17114,3634
17114,23766
17114,68929
17114,23446
17114,258
17114,1141766
17114,544496
17114,81681
557383,934281
1081077,1357
1081077,488
1368971,15217
1368971,11614
1085179,52934
1085179,19274
1288796,2127
12824,488
12824,67773
198148,2710
198148,84075
198148,9562
198148,4937
23227,20294
23227,28974
23227,5294
23227,37917
115677,146459
115677,1494775
115677,1437576
115677,14887
52991,5655
52991,55936
85563,69122
10943,33192
10943,23964
3388,6056
3388,515
3388,11649
3388,28780
3388,239
3388,22226
3388,19292
3388,5655
3388,162931
3388,57755
3388,9994
3388,488
3388,5741
4575,172
4575,4566
150193,19303
71551,11649
71551,115128
91493,88926
71551,56718
71551,20646
71551,52444
71551,513378
69168,569
69168,69845
69168,1115333
69168,133331
69168,20173
1516986,569
1516986,23626
1516986,557383
1186342,70575
1102522,21134
1102522,1176379
589230,6818
101930,1308906
7087,28974
7087,59357
7087,1461
7087,12238
7087,608
7087,3388
7087,2293
7087,488
7087,1776
7087,510
7087,5741
7087,57646
937133,124294
67360,486
84554,1201865
84554,413453
4762,39
4762,65452
4762,19292
4762,73421
4762,2228
4762,880
4762,1650
4762,53334
4762,488
4762,4766
4762,1032
4762,30365
4762,519
4762,3905
4184717,85666
17597,2034
1113116,565491
1113116,115033
1113116,87257
1113116,10828
1113116,564940
1113116,1448221
1113116,3027
1113116,934803
1113116,52935
1113116,51866
1113116,1027824
1113116,12795
1113116,510218
1423660,33192
1423660,30715
5344,7904
5344,21792
5344,15033
5344,8844
5344,37917
5344,1152
5344,3026
5344,45400
5344,2228
5344,31
5344,366
5344,2303
5344,17764
5344,3905
5344,10757
981854,17883
981854,10696
1108,1239407
1108,30614
1108,44056
1108,348
879,11701
879,7040
879,1152
879,21061
57895,15112
515867,34934
64141,15175
64141,11012
64141,19274
64141,11770
64141,30715
64141,54710
64141,62862
74105,74106
58245,127463
1403179,232197
1403179,38803
4037,2176
4037,57755
19224,119665
19224,11864
19224,69122
19224,17697
16294,102445
16294,5281
16294,3556
16294,5655
16294,3027
16294,55493
16294,13235
16294,4762
16294,31
16294,78160
1108138,488
20400,55638
55075,9562
55075,32895
975,194586
975,36669
975,974
41355,3027
957,956
957,23447
957,131947
957,27428
957,974
7132,62644
7132,569
7132,99710
7132,16483
7132,4937
7132,1095275
7132,35028
7132,8654
7132,510
98173,1102141
36797,19536
77441,80602
77441,14386
37618,39516
37618,17051
37618,51736
37618,172
37618,1893
37618,58189
114334,75131
114334,33192
114334,20374
114334,114335
114334,1032
236539,54734
236539,19274
1426949,1241
1426949,5953
1426949,223
1176,1012
1176,3225
1176,1363414
87091,564
87091,1139094
87091,57755
87091,117443
124749,41091
124749,59919
124749,41088
1374476,54472
1481141,5281
1477505,488
51521,7132
21863,1461
20307,38792
20307,59
20307,21339
20307,11701
44916,18897
1462214,1302082
1056739,132856
1056739,5602
90492,9888
90492,45407
90492,1243
90492,45405
90492,30711
30076,3064
40345,10859
40345,488
1284099,45405
1284099,1241
1284099,1394657
1284099,213001
31,39
31,7056
31,5655
31,3027
31,204484
31,3634
31,177532
31,6201
31,5953
31,54645
31,54040
31,13520
31,488
31,24
31,27518
31,27519
31,3490
82482,67783
82482,3490
82335,82337
82335,37917
115666,488
53333,39516
53333,51736
121873,65452
121873,119294
121873,17386
121873,558929
121873,961347
121873,15488
121873,273286
133368,133359
91493,93494
84021,455
84021,12718
1106893,5281
232596,2034
140192,3027
46588,9281
146169,144782
71609,44735
57755,23659
57755,1223
57755,1224
57755,564
57755,35550
57755,1152
57755,9748
57755,6046
57755,2176
57755,4037
57755,30715
57755,30711
57755,20151
150,10828
150,4429
150,16847
150,138
150,59410
582925,510
2411091,929825
71872,33192
71872,1136502
71872,2580328
68,3776
68,525
68,15175
68,157
68,1650
68,488
76070,515
76070,9181
76070,87257
76070,10828
76070,558860
76070,4429
76070,1238434
76070,224
76070,5216
76070,98103
76070,1545927
76070,83784
76070,1145610
76070,131521
76070,5953
76070,10959
76070,75699
76070,19896
76070,108346
76070,1002647
76070,222686
76070,26205
76070,7017
76070,1571618
76070,75725
76070,239404
76070,510
76070,98522
76070,44735
108346,1243
202816,524
258,11614
258,23659
258,309
258,201
258,11218
258,8688
258,12219
258,223
1070444,7132
85670,2034
85670,3027
85670,76813
85670,562206
85670,1032
1579019,60427
1002647,76070
1002647,1017274
11401,18897
11401,12238
21879,59803
21879,488
1142963,1142962
527607,1180074
236592,1224030
101045,1461
173667,13333
87672,564
87672,569
87672,969493
87672,21136
87672,119368
87672,57755
1088579,18897
1142962,1142963
1439368,1748210
10765,23880
10765,54441
10765,15175
10765,15912
10765,78439
10765,3388
10765,5696
10765,19012
1748210,1439368
83313,27436
83313,37161
83313,114470
203285,934803
203285,1123897
15287,929825
15287,164554
15287,55934
225208,102445
225208,6818
225208,18897
225208,4955
225208,1035
225208,19303
87216,35005
26713,707
40312,943183
40312,64750
40312,67717
40312,2589
209513,74655
209513,12795
25703,22226
25703,2632
84074,591835
84074,84075
84074,109708
84074,220088
45037,21246
45037,1217029
45037,1056121
45037,10859
45037,16483
45037,102735
45037,15557
45037,88967
45037,69122
45037,224610
45037,15009
45037,879
45037,13524
45037,12900
45037,5140
45037,1650
45037,5367
45037,1150
45037,21721
45037,488
45037,1032
45037,439765
45037,13474
45037,44810
67356,40863
67356,586002
67356,62635
67356,41091
67356,76965
67356,3026
67356,131397
67356,5723
67356,1138699
67356,14386
67356,1026085
67356,42138
67356,1032
67356,66121
1053901,1152
1053901,56745
83784,280
51894,10828
51894,51895
51894,1299057
40213,65452
40213,28898
40213,3224
40213,6111
146977,19292
146977,60949
146977,7396
146977,1137588
146977,76245
146977,3490
1052930,2710
84836,2130
84836,4766
85925,69748
765,7482
765,4429
765,488
765,53090
1603020,1474798
1603020,1448842
111974,57755
111974,58370
135795,55536
135795,963482
135795,212
129922,186329
129922,129921
109314,5655
109314,8844
109314,126125
109314,1169456
109314,12890
109314,5602
109314,488
109314,510
131388,131397
9181,9182
9181,23626
225009,11701
225009,37917
225009,1142171
15358,15070
15358,488
15358,55636
18023,15488
280,10707
280,879
280,3087
280,10722
280,9147
144816,565491
144816,13922
144816,89027
144816,974
83189,73855
83189,224114
83189,1887858
83189,55916
83189,55636
83189,10757
212934,19224
212934,1306645
38782,92712
1521437,2000728
58048,569
58048,1896
1708739,24208
95101,130253
95101,1239407
95101,10828
95101,15033
95101,52849
95101,1219546
95101,9994
95101,3490
95101,213001
2535,62644
2535,9777
2535,1152
2535,138
2535,4937
2535,6046
2535,64856
1653067,1462
1653067,543261
38673,53935
38673,1074867
38673,21007
99410,23659
99410,55710
3097969,1707
17178,15217
17178,90591
17178,2127
17178,2128
17178,58689
17178,6046
17178,35595
17178,54040
17178,57755
17178,5010
39516,114334
39516,1641679
39516,51736
39516,1215399
39516,10959
39516,37618
39516,61327
39516,2303
39516,67273
17022,12094
17022,5602
17022,10757
63059,63052
1622867,204962
1319442,59231
74159,1243
74159,2632
74159,16376
74159,1032
206919,1123507
206919,1056121
206919,291263
206919,137427
1579,23659
1579,202
1579,525
1579,7056
1579,1152
1579,59919
1579,1461
1579,15912
1579,8780
1579,12900
1579,8688
1579,116018
1579,17697
1579,67273
7727,958540
7727,488
1571407,3634
1571407,92784
1214840,206169
1214840,1243
1214840,1056739
2399109,115309
1442069,10828
1442069,3027
1442069,52443
1442069,1113116
1442069,77089
1442069,44735
1779319,1285174
1779319,226587
1779319,1415665
1252934,45400
1252934,65360
1252934,1395183
1252934,1023483
54697,40863
54697,17051
54697,81918
54697,4937
54697,19274
54697,92784
54697,88029
136505,15730
550045,71797
550045,11701
550045,4937
550045,550046
5289,5281
53577,1898482
107766,3776
107766,4429
107766,5655
1719706,113901
1421411,564
1421411,2283
5010,21712
5010,1243
5010,56539
5010,4762
5010,994550
5010,488
5010,1032
5010,8654
2710094,1107296
2710094,1472747
2710094,1782117
95136,19292
1020767,86626
1020767,80591
1020767,150
63099,2675
63099,54614
63099,62157
63099,231199
63099,45419
1685025,1708936
1018722,70575
1018722,1230202
80675,19311
80675,9281
80675,21032
80675,15557
80675,4027
80675,35796
80675,80672
80675,1299642
54710,23659
54710,55710
54710,64141
54710,19274
54710,62862
71329,12208
71329,14386
71329,3125
71329,212208
71329,58628
107820,1474799
14386,929825
14386,9777
14386,1461
14386,15557
14386,19274
14386,71329
14386,3125
14386,212208
14386,1978406
14386,67773
14386,120615
14386,1136517
57446,102445
57446,2036
57446,51918
57446,1769
57446,5655
57446,27
57446,1893
57446,582919
57446,31
57446,14386
57446,59291
57446,1150
57446,212208
57446,20647
57446,1776
1609935,14386
1609935,1059572
980284,4760
980284,56205
980284,9147
1140583,77268
1140583,1318894
51965,259016
51965,21721
68794,10828
1079579,1081448
109599,1181353
1081448,1079579
88967,5575
88967,19536
88967,10859
88967,3972
88967,171830
88967,211962
88967,67485
88967,183230
1302549,1491121
1302549,1617
1302549,1194205
1302549,488
1709460,96199
56359,19850
56359,56360
80215,36811
1439071,3556
1439071,16863
11805,569
11805,1152
11805,12900
1088455,66728
1173102,1508314
6693,488
17282,224
17282,4955
17282,11770
17282,5602
1065549,929825
1065549,1555061
1065549,5294
1065549,1177552
1181353,109599
58573,258
58573,20019
1285976,182690
52479,225633
1026085,11151
4566,7018
4566,12952
4566,7056
4566,1071
4566,13079
4566,2283
4566,17016
4566,19303
4566,8780
4566,138175
4566,1090
4566,13333
4566,163496
4566,12718
4566,510
189230,23659
189230,58225
167889,78435
138781,569
1586156,1139408
1795072,291263
1795072,121873
1795072,488
1795072,1395183
1795072,1032
1795072,1776
1440271,1065549
1440271,1778774
17278,5281
17278,91343
17278,1032
585272,23659
1206051,10828
1206051,879
1206051,1109815
1206051,212208
91452,1032
1968363,138
1968363,280
11478,1032
11478,99898
11478,24
30614,136495
30614,1239407
30614,139098
30614,45400
30614,1461
30614,2228
30614,108
30614,126
30614,11151
30614,30715
30614,64172
30614,72757
30614,137427
16853,2228
16853,1158
16853,1782117
15602,309
20212,73421
20212,59117
20212,53806
145130,72638
145130,270400
145130,4766
166995,1146
166995,31164
62863,23659
62863,41091
62863,177532
62863,62854
62863,62861
19302,19303
19302,880
1486502,1496011
44934,44931
44934,117075
44934,44735
17510,1461
51917,51918
51917,5216
51917,1032
139558,91394
72611,20374
1220517,1371509
41671,11614
41671,2294
1220517,41039
21007,58744
21007,55710
21007,17051
21007,45407
21007,41091
21007,19292
21007,15033
21007,45405
21007,62763
21007,6730
21007,138
21007,5216
21007,59919
21007,73421
21007,4937
21007,54734
21007,19274
21007,32278
21007,1032
21007,41039
21007,1978406
1896,24173
1896,19292
1896,1461
1896,4762
1896,1892
1896,1232123
1152,27436
1152,138
1152,24045
1152,59919
1152,17087
1152,3210
1152,65108
1152,1211732
1152,1150
1152,1032
1367342,1827744
1367342,58189
140909,8328
140909,74337
140909,1244298
7483,7482
1061773,21007
52139,1243
52139,17835
52139,13922
52139,60663
52139,570785
52139,1224494
52139,62854
52139,12219
52139,2386
52139,5741
1263877,10828
1263877,309
1263877,6201
1182701,142618
1182701,131617
1182701,74624
126501,3027
126501,6163
22020,1243
11916,3634
11916,24076
11916,1178822
11916,1150
1028297,6046
66074,134604
663866,61178
82840,80591
13520,25598
13520,2034
13520,2260
13520,3026
13520,19274
13520,8447
13520,31
13520,2199
13520,21007
13520,488
13520,348
13520,56323
930697,929825
930697,1179651
62514,17051
576117,1959734
114335,114334
141825,5281
141825,17087
1201,27518
11091,7904
11091,18897
11091,57130
11091,21007
11091,819
11091,3125
11091,1032
59410,162371
819,11011
819,1243
59410,1243
819,5655
819,40277
819,1158
59410,41091
819,1892
59410,51298
59410,19292
59410,2632
59410,13235
59410,66633
59410,132856
59410,539
59410,59413
59410,212
59410,53684
59410,60950
59410,62831
59410,132857
59410,488
59410,24951
59410,67773
1493306,1493305
79279,203285
1011210,86626
62410,99436
62410,18897
1011210,1020767
62410,44916
1011210,1180698
1011210,37917
1011210,139135
1688651,1049919
1957,73937
1957,2303
1049919,1081569
472630,5281
1049919,1081445
1049919,223330
1049919,1688651
15345,168309
15345,15346
15345,28974
15345,120015
15345,1214366
15345,1214367
15345,15344
122724,1133010
122724,59258
1803807,707
54525,126770
54525,19841
74971,102445
74971,31493
74971,1032
108752,212
108752,12219
108752,59258
81850,22226
81850,1997
930699,2034
930699,62946
1141766,17114
1141766,16384
226615,1748
226615,8395
226615,991808
40542,7482
40542,9747
40542,589
147540,893462
147540,424258
21960,69122
21960,1158
35736,85670
35736,35771
944544,1070310
944544,488
5140,37622
5140,11090
5140,27226
5140,11770
5140,78021
141964,141963
141964,141962
1123897,203285
2069821,1930
2632,1146
2632,1769
2632,1243
2632,19292
2632,9281
2632,60949
2632,115128
2632,9562
2632,25703
2632,52849
2632,32895
2632,2228
2632,19303
2632,53684
2632,16377
2632,60950
2632,55638
2632,4566
2632,880
2632,1532
2632,3125
2632,1892
2632,67773
1591065,56585
1591065,1591069
1591065,1591070
21113,3776
21113,17087
21113,1032
115891,68929
1186229,23659
1186229,55710
1186229,41091
1996464,372
1996464,11701
1996464,62946
1996464,1461
1996464,1109815
1996464,9147
1618057,121873
1618057,1776
17871,52934
17871,55638
1188680,32030
1188680,1037989
26061,26852
26061,28741
59330,1617
3087,3634
3087,2176
3087,5696
3087,8483
3087,13333
3087,1158
3087,1776
59027,19292
59027,4937
1512495,1461
17142,569
17142,19292
17142,11701
17142,24045
17142,1241
17142,19274
17142,4762
17142,32278
17142,488
17142,35028
17142,1136517
17142,1121
1232361,122348
55936,55934
55936,88823
55936,53925
122348,1232361
1211473,1180698
1211473,1717627
56322,217587
56322,23659
56322,55710
56322,86626
56322,80591
56322,177475
56322,1226281
56322,1325716
56322,3125
56322,208519
56322,17039
56322,1226294
56322,22214
56322,56323
589134,39104
589134,5655
1586169,1285174
10995,11012
10995,11449
64194,569
227936,4385
227936,5602
64194,73421
64194,11218
64194,14887
64194,5470
1178812,39213
1178812,84617
1006170,1006171
42138,929825
42138,71947
2830628,12238
1053413,55536
3064,188403
3064,14887
3064,1257078
3064,15488
3064,10757
1285848,10859
1285848,1371010
64856,80602
64856,23880
83328,78136
83328,64035
126971,586955
223276,74294
1650,3776
1650,5655
1650,6818
1650,138
1650,1359320
1650,3583
1650,1150
1650,488
1650,1032
1264646,3027
57113,19242
57113,1020013
57113,25210
57113,1080778
57113,17880
57113,53240
57113,510
37161,15557
79964,79961
1958357,1879567
96255,134657
39481,23659
39481,55710
39481,57692
1717526,7018
6163,7904
6163,564
6163,488
1448215,60949
1448215,69122
937034,12833
937034,1140442
1090,204962
1090,7087
1090,4566
1090,72757
120615,31
120615,14386
120615,30614
120615,1327052
120615,27428
102439,98132
18323,879
99898,1187819
99898,62635
99898,3634
99898,2100
168349,1602979
168349,82511
168349,212208
1498102,102445
1498102,109402
34517,16483
34517,17087
34517,280
34517,488
1157689,186329
75891,209281
58728,16483
58728,1579769
58728,1776
127027,17051
127027,488
127027,1892
127027,24
198150,291263
198150,19274
198150,125167
198150,1532
198150,1892
1743983,1031738
86270,82194
86270,15244
86270,34510
19766,17114
19766,1776
17764,1238222
81317,51736
81317,68929
81317,6111
7775,488
51524,224
1412730,956
1412730,525
1412730,309
1412730,6431
1412730,1032
92319,76686
92319,2675
92319,1237905
51984,488
8574,3556
8574,1776
1539858,21339
1539858,36589
1539858,3634
1539858,1238222
1539858,2989709
1539858,1373735
1539858,1780427
1539858,1295220
1539858,57573
1539858,12900
1539858,1363577
1539858,150098
555633,79082
555633,211962
1106693,1140238
1106693,98631
1106693,137467
1106693,1136502
1187112,67075
1187112,19224
1422143,84075
1214352,185438
1214352,1231296
142687,33192
1861450,1351024
932317,10828
932317,42
52629,73421
52629,4937
52629,57755
11151,95977
84962,18923
84962,18924
84962,84961
81718,122186
81718,608
81718,78373
1462259,929825
55257,204484
55257,166776
1283814,39516
1283814,3556
129527,76082
1299642,16483
1299642,957
1299642,64785
1213074,12891
1213074,47506
1213074,10828
835926,72024
835926,1056121
1193602,17051
1193602,1769
1193602,1776
4232,879
75725,94342
75725,679
75725,10757
1234970,7166
69238,567120
1525872,118303
69238,69237
69238,18533
1309478,10828
1327402,11325
58982,7056
58982,54472
589,1243
589,1152
589,138
589,31
589,1150
589,36042
589,54697
37872,1193602
37872,1776
182001,12890
28866,1532
28866,13927
543261,101542
543261,55710
543261,569
543261,211845
543261,11701
543261,84414
543261,930710
543261,55638
543261,31
543261,30614
15868,673
15868,4566
15868,1908221
1331465,1346331
95550,2712
64998,16483
560316,132876
57363,10859
3111,2294
3111,138
3111,2283
184581,1110909
184581,1723
184581,16860
184581,1378767
184581,4566
184581,202816
184581,13520
184581,163496
1318201,1710601
1318201,76595
64295,19975
64295,983909
64295,9562
64295,24
64295,94471
1002601,110
173847,207132
173847,1023483
2080526,39
2080526,1230496
110,71797
110,37917
110,224
110,51736
110,5216
110,2228
110,108
110,128
110,1002601
110,2690
110,10757
61373,61372
2379700,929825
2379700,5281
1421601,1861797
3415,12987
64471,42993
64471,679
31775,7270
31775,1032
58292,3087
58292,31
58292,1532
78500,80591
78500,3634
1215038,1822324
116436,5140
1458611,3556
1458611,14597
1458611,224
1458611,42
1458611,1191330
1458611,111518
1458611,1150
1540069,213001
22383,5917
22383,1151351
22383,7482
22383,927706
22383,138
22383,84981
22383,105866
22383,108952
22383,1437094
22383,16938
22383,12900
22383,13333
22383,1299642
1289604,4385
1289604,76422
1289604,4429
1289604,16483
1289604,58403
1289604,291263
1289604,5602
1289604,3125
1289604,24
1289604,117642
1289604,1776
1186263,228643
1823051,24045
1823051,19274
1823051,32278
1136517,82511
1136517,41091
1136517,14386
54645,31
70221,19866
2055,39012
2055,2228
2055,1776
1077578,835926
2877381,60962
57646,5655
57646,7087
57646,291263
57646,15811
57646,23446
57646,510
5934,55934
208079,679
5470,15730
5470,19866
5470,3556
5470,137467
5470,55477
5470,21960
5470,21183
5470,73460
588663,16847
1400880,5281
1400880,1020767
1400880,138
1400880,115128
109708,86626
109708,56585
109708,1137588
109708,967330
109708,41039
109708,543256
994970,112588
994970,1243
3064243,3027
1223048,23659
1223048,4937
1223048,32895
9788,51679
9788,28974
9788,204962
9788,51866
9788,92784
9788,1059578
91605,49555
15556,39
15556,1243
15556,525
15556,33192
15556,880
1301006,1363577
1301006,1318894
1301006,146681
1277345,98103
1277345,58502
1277345,55477
1277345,1957
1277345,26076
2580328,934281
2580328,81681
21677,17510
21677,1236982
21677,17835
21677,59919
21677,84739
21677,707
21677,4757
21677,60950
21677,182327
21677,219367
21677,5470
149993,62644
149993,53519
149993,938962
20028,1071
1215632,47976
1497967,525
1497967,527
176484,207132
176484,65452
176484,1246154
176484,93911
176484,19725
22686,39298
22686,35028
22686,679
79082,591835
79082,1546365
79082,52934
79082,113373
79082,54734
79082,19274
79082,440414
79082,1416533
79082,1212270
79082,555633
2807991,1192893
1611614,1498662
1317388,57130
1317388,324
1257523,16483
1644564,10757
105647,1300
105647,60949
105647,15009
105647,3905
98522,71082
98522,82337
98522,74655
98522,33192
98522,37917
98522,42
98522,82226
98522,131397
98522,1423660
98522,558929
98522,10959
1491592,5655
35013,929825
35013,1461
35013,20019
44735,7932
44735,91269
44735,86626
44735,1243
44735,5294
44735,32907
44735,37917
44735,3634
44735,98103
44735,2283
44735,41088
44735,57454
44735,8447
44735,23446
112201,30309
112201,112200
104644,19292
104644,63208
104644,7087
104644,608
104644,52139
104644,1579739
143862,1145610
143862,111801
1209339,224
1209339,38516
1209339,455
135534,56205
135534,38516
135534,55439
135534,81502
586000,45405
1278722,16860
1278722,95024
53304,608
1183883,62644
1183883,1056739
1183883,6431
42113,7270
57328,57327
21673,4723
21673,8844
21673,28898
57193,127614
57193,52443
57193,5602
57193,31
57193,280
57193,488
57193,24
4014,2034
4014,14999
4014,31164
4014,4762
4014,55753
62854,162371
62854,3634
62854,98103
62854,4937
62854,54734
62854,19274
62854,933558
62854,62862
62854,62863
62854,21007
62854,62861
62854,41039
67753,3027
67753,21563
1565228,17114
2145315,53708
2145315,1032
1156778,92012
1156778,1662226
1099862,55499
1099862,1167472
1099862,1167473
56373,14597
1099862,1039356
56373,2228
1099862,53176
1099862,53806
79492,69122
79492,24970
93396,372
93396,143593
93396,119396
145169,25598
145169,91641
145169,145170
61510,525
61510,20387
61510,1194205
61510,880
61510,1158
1675864,1152
1433089,4429
1433089,41670
1039913,936279
1039913,3634
1039913,1466661
66728,12238
66728,1109815
60073,11090
60073,84417
60073,77357
60073,66605
60073,543505
60073,24045
60073,61069
60073,5656
60073,1893
60073,1144604
60073,1310031
60073,57755
60073,21007
60073,440414
77656,77657
35770,35771
1080809,119396
56745,16848
56745,105676
56745,4385
56745,224
56745,57637
1215399,62635
1215399,51736
1215399,366
1215399,137427
1215399,1121
3125,956
3125,67796
3125,17087
3125,2228
3125,14386
3125,68
3125,52444
3125,50949
3125,67273
583812,118581
19852,5575
19852,4723
19852,27
19852,20213
19852,2589
19852,35028
1187602,204962
1187602,67273
2454500,16391
934,525
934,150
934,6431
934,455
2690,8685
2690,65452
2690,569
2690,58063
2690,3556
2690,53023
2690,1035
2690,309
2690,6201
4766,4762
4766,2690
4766,510
1331120,303064
2880,1146
78501,5090
105648,13235
105648,161932
105648,1461
161932,23659
161932,62946
161932,13235
161932,105648
161932,56370
1353210,15488
1186596,182327
108107,550475
1450261,2130
1450261,98522
1162589,1170861
1526643,1308004
1526643,21422
1526643,47646
83287,3027
83287,142292
83287,73421
83287,108
83287,524
83287,1032
592333,23659
1135815,40864
206811,53863
53863,83872
53863,58225
53863,3224
53863,1461
53863,59410
53863,27977
53863,41039
1369361,37917
1369361,3634
1369361,38775
1369361,1466661
53684,1243
53684,19292
53684,1748
53684,138
53684,52849
53684,59410
53684,41039
402272,6046
402272,216278
143149,2130
143149,39012
4787,488
1109805,16860
1109805,973668
1109805,1032
1109805,1732141
1496149,6201
1899,64172
1899,1213167
1899,2589
1899,510
90698,6818
893,18189
893,7270
893,1243
893,16483
893,138
893,4937
893,1108
893,77104
893,1121
57030,81856
57030,16379
1704796,564
1704796,3125
1704796,564082
76624,2710
76624,5602
76624,67367
76624,139150
144232,2294
144232,24
144232,141962
88556,224
88556,31268
141962,141963
141962,141964
1039528,66681
1039528,1039527
1039528,1039529
1039529,66681
1039529,1039527
1039529,1039528
57434,11649
57434,22226
57434,1524
57434,769
57434,2228
57434,1150
3702,1071
18500,2228
18500,488
18500,1032
123997,5216
123997,109402
19983,19985
81220,11401
1522546,20300
1522546,47646
1522546,510
934032,2838
226095,2303
2199,39
2199,51864
2199,1461
2199,366
2199,488
62773,58689
1100748,2710
182327,11090
182327,98103
182327,137467
182327,219367
111807,207132
111807,1246154
111807,120096
111807,3431
111807,65360
111807,55690
1586350,1395183
111807,12718
111807,192938
111807,20300
22461,3776
22461,43553
22461,5970
22461,17051
22461,9888
22461,6818
22461,2228
22461,2838
22461,1776
2589,34510
2589,73421
2589,1896
2589,53334
37626,309
1051295,1152
1037992,40863
15812,7881
15812,38792
15812,56041
15812,59803
15812,12824
15812,80110
204761,19292
204761,80219
204761,56728
56828,21721
53120,1776
4857,567120
4857,177532
4857,16961
4483,7018
4483,62644
4483,17883
4483,9777
4483,1769
4483,12833
4483,7056
4483,19292
4483,3556
4483,23626
4483,1071
4483,138
4483,5656
4483,7795
4483,3087
4483,81256
4483,819
4483,1532
4483,13333
4483,1158
4483,53863
4483,488
4483,55636
4483,1776
4483,348
117075,39012
117075,13333
117075,82839
1523665,58225
2352174,3095630
59290,64211
59290,59291
42226,488
20024,765
20024,524
80591,22226
80591,1769
80591,1407486
80591,211845
80591,78500
80591,9281
80591,41088
80591,19303
80591,2176
80591,60545
80591,82840
80591,1532
80591,62861
80591,524
80591,17697
80591,67773
80591,22214
80591,44735
53942,53925
1301700,59413
589402,1152
165787,59803
165787,7
165787,16384
165787,1318201
165787,76595
1965938,142618
26076,12952
26076,38785
26076,58689
26076,104561
26076,3125
26076,182327
35550,138
35550,20019
1216147,55116
1110909,184581
157879,10757
1304854,1137903
19840,569
19840,19841
591400,131239
16834,880
16834,3490
114404,2034
114404,4566
19014,1892
71402,23659
71402,83872
71402,58225
71402,1001113
71402,32907
71402,84075
71402,16483
71402,5723
71402,57755
1861797,69122
1861797,1421601
10249,1146
10249,3776
10249,43553
10249,39298
10249,3087
10249,57755
1280364,76999
1280364,277081
78021,1769
78021,15218
78021,1243
78021,1152
78021,20193
78021,5602
78021,34517
141189,36811
141189,79961
1607016,224
1607016,11770
1607016,5602
223,4385
223,58225
223,10828
223,3556
223,11218
223,2228
223,258
223,64785
223,819
223,1032
223,970088
223,1121
98750,22810
98750,6979
98750,65360
98750,1242788
1211212,224
60099,11701
60099,7626
938835,7904
938835,7482
938835,68185
938835,3556
938835,5602
9994,1652371
9994,1932179
9994,1243
9994,120096
9994,1524
9994,31
9994,2880
9994,3905
9994,1776
3052,172
3052,123997
3052,21032
1395183,5281
1395183,6818
1395183,13235
1395183,11151
1395183,30715
84496,7
84496,1457025
84496,12890
34682,5216
146949,7270
94403,5140
151007,59918
151007,936670
151007,928625
121798,235430
116018,7482
76245,17835
76245,77075
76248,76245
518972,258
20921,4385
20921,138
20921,1776
117642,12208
117642,5892
117642,2130
117642,137427
558007,13333
10491,7722
20739,12891
20739,15033
20739,58552
1031240,59291
12905,2632
12905,52139
62047,38792
62047,61950
62047,59803
62047,12824
62047,15812
62047,1416383
64796,22226
64796,1299057
64796,1032
1356464,126125
1356464,8654
67273,39516
1992444,66605
1992444,16863
936584,25598
936584,2710
936584,10828
936584,3556
936584,8844
936584,15175
936584,123997
936584,39012
936584,12238
936584,1150
936584,488
936584,1032
936584,24
936584,1776
1287065,1126053
53276,19536
1480620,1325716
1480620,1607044
12219,1224222
12219,88926
12219,1243
12219,19292
12219,52849
12219,552252
12219,77075
12219,52139
12219,1032
12219,67773
12219,59258
9274,81256
9274,5129
29226,7056
1118360,5953
8966,8965
8966,57399
8966,1650
8966,11108
133398,5602
60618,51575
133398,132857
60618,37526
967767,6818
967767,3490
133635,1152
60025,17764
98521,37917
98521,1442069
4720,62644
4720,5953
4720,60545
4720,212208
4720,1978406
84110,84111
67795,11701
84111,84110
223825,31
223825,8780
223825,348
11325,108
57271,348
2219327,2034
2219327,37917
2219327,204962
146438,4429
146438,14999
146438,224
146438,4955
6039,11090
6039,2710
6039,15345
6039,1264840
6039,67803
6039,1152
6039,15175
6039,8447
6039,67367
6039,366
6039,2199
6039,27428
6039,819
6039,65108
6039,488
6039,1892
6039,4014
6039,1121
1158,525
1158,1152
1158,138
1158,28898
1158,1461
1158,769
1158,2228
1158,8780
1158,21960
1158,1150
1158,1032
1158,1892
1158,1776
1310844,2303
65879,42
59126,2710
59126,1244516
59126,140264
92561,57492
92561,17087
92561,219396
1520002,66193
113290,224
2166,65314
2166,105866
2166,224114
2166,227521
99388,52360
1116251,54734
1116251,78160
66441,3634
1932296,1639084
13333,7482
13333,6046
13333,4566
13333,12900
13333,11916
13333,20300
13333,20019
13333,44735
58498,11701
58498,3087
57538,57130
67717,30715
7399,23659
7399,22226
7399,19292
7399,1748
7399,2632
7399,5656
7399,73421
7399,4937
7399,59410
7399,488
7399,1032
7399,41039
78647,102445
78647,1035
42694,51864
2090135,51864
2090135,1309008
42694,1158
2090135,835926
42694,24
1609061,9144
10991,936279
10991,10966
131413,62644
78190,78188
78190,5656
56207,3776
56207,1650
54472,21339
54472,65594
54472,57755
54472,73289
54472,1023483
198613,3027
198613,13922
94864,25598
94864,10828
94864,1108
94864,31
94864,1892
94864,24
2036105,5281
105239,55499
18316,11649
18316,6046
1260586,36589
1288762,34110
15045,54645
442286,56059
6162,4723
6162,1041394
6162,11701
6162,15277
6162,42
6162,57573
6162,31
6162,1896
6162,819
6162,2690
38023,16376
38023,1213167
57742,2774918
230300,5216
128947,488
80752,77921
77921,608
77921,55785
1299838,5715
55916,93504
932533,1121
1287278,5367
4808,39104
4808,5281
4808,15277
4808,3634
18702,39819
66877,5602
1808351,11092
3566,1076119
1479681,11108
1479681,21721
1379768,588387
2293,15217
2293,113915
2293,2294
2293,79241
2293,11449
1402745,1402744
1402745,1402746
1402746,1402744
1402746,1402745
1402744,1402745
52842,4566
1402744,1402746
2108378,9147
41222,3634
41222,103242
1119247,34110
1367978,224610
1367978,589
238822,9777
1309430,567750
1309430,5602
1280031,1826669
1280031,55493
1280031,83228
1155101,16848
232959,1075096
1205985,1237644
7929,7
1102141,98173
228134,37917
228134,16838
228134,7626
74396,76325
74396,74397
21684,39
21684,55710
21684,10828
21684,138
21684,64813
21684,201
21684,27977
21684,1032
1193965,17087
1721377,55934
1721377,116805
1630053,488
122591,26190
96676,15812
21411,16214
21411,2632
21411,933558
21411,117443
231199,57581
1076793,139098
1076793,132973
1076793,53240
1299467,23227
1299467,466505
1299467,28974
1299467,1157091
930526,17439
930526,125505
1151847,8965
1151847,22461
533061,17439
533061,101386
237855,30711
97026,3027
97026,18272
1878120,16379
1878120,1152
1878120,56132
59918,936670
936670,59918
1059621,560316
116632,74245
116632,61351
80172,7904
80172,23659
80172,2632
80172,66555
80172,5723
80172,16377
45210,138
45210,2690
1144950,1136517
1802846,1846578
1802846,58689
1802846,5953
51329,11649
51329,17883
51329,22226
51329,58225
51329,139098
51329,57130
51329,73421
51329,4937
51329,2228
51329,4762
51329,51996
51329,1158
51329,488
51329,163496
51329,928625
28523,42930
83967,229568
83967,47826
36669,15217
36669,88926
36669,7482
36669,5655
36669,508
36669,116805
114470,934281
114470,1976040
1245726,1292298
57632,57631
57632,5470
10099,71082
10099,138
10099,17087
70520,65452
70520,16483
70520,14887
70520,990
8010,52934
8010,59357
26467,11649
26467,1152
26467,3349447
1065752,13922
1065752,2130
98,1561511
98,19274
98,280
98,1391986
9778,80602
9778,1461
9778,55638
236211,16847
931744,82885
1317740,57755
1512795,212208
41421,33192
1948280,1498662
1293762,5281
1293762,28974
1293762,66605
1293762,32278
1293762,6431
133331,84110
133331,84111
139150,40863
139150,586002
139150,3027
139150,55493
139150,1037989
139150,92784
139150,17277
139150,582722
139150,76624
8654,39104
8654,102445
8654,525
8654,16384
8654,219367
8654,5010
297095,27797
297095,224610
18308,3125
12073,17883
12073,138
12073,3125
129768,23880
96305,56476
67752,7270
1112589,1112590
1112590,58502
1112590,1112589
1112590,1186852
2112193,1769
2112193,1243
2112193,16379
103,90
103,569
103,10859
103,23626
103,2260
103,3026
103,201
103,120226
103,21134
103,2228
103,75699
103,122423
103,30711
103,11401
103,819
103,544496
103,13333
103,21526
103,1032
103,21684
103,2589
103,3490
103,10757
103,16863
89576,45407
89576,39189
89576,115128
89576,52443
121830,76595
76595,1318201
76595,1710601
76595,1179651
76595,121830
15775,515
15775,59803
15775,15774
150207,2228
150207,3125
65615,78110
58164,5723
1453702,53863
2978,1461
2978,67758
1453702,58370
2978,19840
2978,17448
5090,62644
5090,968708
5090,56381
1108637,564
12708,15277
12708,4937
1453748,39657
1453748,1158
116779,19416
40277,819
66228,1081445
66228,4760
66228,144519
66228,62768
66228,84021
66228,449
66228,1094069
66228,141673
66228,78190
66228,937570
21768,24530
11161,20355
11161,2294
11161,15070
11161,14999
11161,3027
11161,138
11161,4955
11161,97819
81322,15218
81322,13922
81322,132856
81322,183036
81322,35796
81322,37221
81322,28283
937570,2838
937570,1150
7465,80591
1579739,1579740
1579740,1579739
27578,466505
27578,15218
27578,1243
27578,525
27578,933739
27578,14
27578,1313359
27578,52443
27578,90492
2033727,880
2033727,1892
1396917,66728
145134,1616084
130135,125505
524,59
524,7270
524,1243
524,55934
524,3556
524,5655
524,143593
524,1071
524,39819
524,236889
524,24045
524,201
524,223747
524,6201
524,30715
524,202816
524,6431
524,5367
524,83287
524,1158
524,20024
524,58552
524,970088
524,51329
524,1136517
524,510
524,16863
59611,16848
59611,1018106
59611,558929
41039,5575
41039,23659
41039,55710
41039,22226
41039,17051
41039,58225
41039,466505
41039,1680840
41039,55536
41039,41091
41039,174514
41039,19292
41039,52934
41039,15033
41039,59919
41039,41088
41039,1524
41039,54734
41039,19274
41039,53684
41039,16377
41039,60950
41039,51851
41039,21007
41039,2945
41039,440414
41039,5129
41039,85236
41039,139135
41039,67773
64035,3027
64035,127463
1744211,62644
125066,53267
125066,53708
125066,107766
79322,56377
236605,1662226
76221,7018
76221,12094
76221,7056
76221,65360
1416383,21879
1416383,488
1473954,51298
132856,58225
132856,1079368
132856,1224999
132856,59410
132856,132857
132857,132856
132857,59410
132857,1056739
1469397,123997
139135,138
139135,1141766
139135,488
139135,41039
139135,1136517
1006372,97579
1006372,56205
1006372,23446
1006372,1612078
1006372,7795
17836,1158
149495,1187819
149495,12891
149495,1054633
149495,1194205
149495,88967
149495,18923
149495,18924
149495,69697
88857,16938
8636,11701
8636,488
8636,1032
94177,5129
1264689,224610
40476,1059880
1644913,1252759
230502,105676
3950,6046
108668,58795
108668,17039
1111717,5281
113907,52968
113907,10696
113907,24
8193,11701
8193,6046
8193,2303
8193,40476
559,525
559,1095994
559,75699
559,2303
559,6162
143296,6431
939346,78439
20204,16847
20204,6046
20204,36602
20204,1090
20204,66681
20204,1039527
564082,11614
20204,59027
564082,222330
564082,1002634
564082,1023483
76705,121473
76705,18272
76705,40377
88943,227353
188897,9376
4387,6979
163496,4566
163496,51329
1776,4385
1776,1723
1776,1769
1776,1243
1776,10828
1776,56349
1776,20659
1776,15175
1776,5216
1776,38803
1776,68929
1776,10959
1776,30715
1776,31
1776,56857
1776,9147
1776,22461
1776,1150
1776,1158
1776,488
1776,1032
1776,1193602
1776,10249
1776,2880
1776,37872
1776,648
5602,3776
5602,43553
5602,39104
5602,1223
5602,1243
5602,3556
5602,6818
5602,204962
5602,15009
5602,1056739
5602,488
1470701,30309
1470701,65452
1470701,564
1470701,6818
1470701,309
1470701,186329
1470701,6431
1470701,1532
129708,168877
5369,8780
5369,1374424
17605,80602
17605,956
17605,15218
17605,12891
17605,70500
17605,15277
17605,14
17605,14386
17605,13520
17605,1221761
17605,3125
17605,65360
17605,212208
2419,1032
72327,17386
10567,1300
10567,11649
10567,82511
10567,35796
59231,2710
59231,52935
59231,1152
930337,202
930337,20173
930337,510
64735,280
69987,8193
575678,16483
575678,1032
575678,27846
91585,5281
149870,1769
149870,89628
149870,64750
149870,38883
1071165,53519
1071165,1588801
1223187,8447
1223187,1222224
75043,12795
1211376,5281
169288,51329
1357449,6818
1003843,220088
12329,12330
212208,10828
212208,5656
212208,45400
212208,1512795
212208,3125
212208,65360
212208,1395183
59164,2632
49424,69122
49424,3087
1452383,4385
1452383,138
1452383,366
1452383,18862
6979,1217029
6979,1508314
6979,93289
6979,1176
88966,943183
88966,14386
88966,8780
88966,212208
167640,1243
167640,16376
167640,169046
167640,53863
84833,15033
1177552,1555061
1177552,1065549
1109408,3729224
1717227,940632
1318470,78160
1982215,1652371
1827948,14386
1949910,14386
1949910,579551
1417301,45407
1417301,45405
1417301,82226
1417301,45396
1417301,90492
2029559,14386
2029559,3125
61703,880
61703,64856
2386,52139
2386,46442
1416533,79082
54729,4937
54729,27428
1976040,1976054
16808,30309
16808,15217
16808,3225
16808,18161
970088,6431
970088,524
2425997,1769
2425997,1056121
2425997,45405
2425997,45400
2425997,1976040
32395,3634
32395,488
1978406,51918
1978406,525
1978406,14386
1978406,21183
55941,55934
973668,71872
464993,116805
5723,11614
5723,569
5723,23880
5723,5281
5723,15277
5723,37917
5723,9562
5723,552252
5723,12900
5723,1179651
5723,1150
5723,519
5723,44735
135651,1056121
135651,16483
135651,38568
135651,14386
135651,181751
7270,515
7270,3431
7270,57755
7270,1650
7270,67752
1046225,932248
1046225,141673
4888,9181
4888,55710
4888,21712
4888,48567
4888,68185
4888,151295
4888,1044255
4888,58689
4888,172179
4888,1461
4888,21032
4888,4566
4888,21960
4888,21463
4888,1158
4888,184581
4888,163496
4888,94864
4888,1363414
4888,1474775
7476,45343
1518,1284159
1518,4757
1518,488
1214641,5281
24208,76242
24208,1708739
24208,11108
24208,30365
52605,1407486
3283464,1462
3283464,1527515
3283464,543261
21027,515
21027,11770
679,1071
679,1892
679,3614
24618,2036
2413451,5281
2413451,5953
1847741,77801
1847741,32030
1847741,111801
1847741,16378
1248203,108246
63713,1776
2421500,5655
2421500,5602
2421500,21183
2421500,137427
92887,729
1513187,1243
1513187,138
1691433,40254
1140231,5281
1340023,55934
1340023,75960
32,27
32,2228
32,31
32,30614
32,24
32,137427
313,39
313,7482
313,5281
313,22814
313,4429
313,102109
313,324
313,201
313,1524
313,4566
313,41670
313,16378
313,1032
313,18533
1214518,1146
1214518,28839
1449665,72196
1449665,1098038
172993,32030
172993,1138163
1377292,17051
1377292,54734
1377292,19274
1377292,52444
10757,143593
10757,42993
10757,1389816
1452963,212208
1452963,1978406
1452963,1121
1966571,1238222
1210557,1221053
1210557,10828
1210557,150607
1210557,4955
1210557,11218
1210557,4757
1210557,16378
1210557,182327
232156,1152
232156,101045
1624484,525
1405665,97579
1405665,6431
1708936,1685025
44735,646785
44735,62862
44735,57755
44735,76070
44735,13520
44735,5140
44735,13333
44735,488
44735,1442069
5342,372
5342,1243
5342,7056
5342,3556
5342,7795
5342,1274663
5342,31
5342,1158
5342,488
5342,524
5342,67773
1308363,8676
1308363,76325
1308363,11887
1227506,12900
