writer_id,writer_id
1229856,1496058
95977,1003934
1169456,1617376
1146,3776
564,1146
6575,8447
569,1146
1146,2632
1146,8297
1146,55636
1146,6163
519,1146
258,178460
12714,1211636
77277,89287
967330,1211636
1211636,1636959
1131215,1211636
12208,16848
11770,16848
488,16848
3776,30309
3776,1151402
30309,1151402
76242,78064
19303,76242
11701,1562178
1461,1562178
31511,1562178
3776,39104
3776,5970
3776,27436
3776,130030
3776,9888
3776,51918
564,3776
3776,4429
3776,56205
3776,5655
3776,119294
3776,14597
1152,3776
224,3776
3776,93911
3776,15175
1035,3776
3776,12180
3776,105866
3776,39012
3776,4762
3776,5602
3776,40312
3776,30715
68,3776
3776,6431
1650,3776
2303,3776
1150,3776
3776,76624
3776,67717
1032,3776
3776,15488
3776,78160
3776,58728
1776,3776
40864,110283
17087,110283
17039,110283
5575,168309
15345,168309
15346,168309
28974,168309
168309,1219529
120015,168309
168309,1214366
168309,1214367
3027,5575
5575,49825
5575,1219529
5575,38568
5575,36602
880,98569
7932,91269
7932,125738
7932,12890
974,7932
1748,91269
91269,125738
974,91269
111683,1140238
76825,146604
65629,76825
3556,43553
123990,123997
3087,43553
22461,43553
1461,2978
2978,67758
2978,19840
2978,17448
7865,8161
2294,7865
7865,11701
366,7865
7865,117443
136495,207132
136495,1219529
488,231705
17883,51679
14172,51679
1152,51679
51679,1395183
51679,1232123
225633,1465193
40223,225633
225633,1279644
225633,989235
35550,225633
15244,225633
9033,225633
32278,225633
52479,225633
880,225633
929825,1066326
11090,58744
3027,25598
25598,114395
59918,936670
25598,43141
608,25598
31,25598
7017,25598
1892,25598
51864,929825
14386,929825
1896,929825
42138,929825
510,929825
10828,1465193
3027,1465193
880,1465193
36603,40223
229482,567120
3905,567120
569,1014026
51329,1014026
12995,1133294
74342,1133294
57755,1133294
37917,56960
24045,56960
16848,37622
172,56960
110,56960
14999,37622
16847,37622
54040,56960
5524,37622
30614,56960
21183,56960
37622,64141
1978,56960
11770,37622
37622,1328650
5140,37622
586001,586002
57631,1046132
172,1046132
37622,134604
42712,134604
134604,1114792
66074,134604
40863,45416
40863,98631
40863,45407
40863,40864
40863,543505
42,40863
5656,40863
40863,45400
40863,45419
40863,139135
24045,124649
54734,124649
19274,124649
56661,124649
4723,25598
372,4723
4723,23447
4723,9813
4723,1080778
508,4723
1892,4723
2127,100734
59291,100734
8654,100734
39657,1461114
6818,45730
45730,69122
45419,72196
78021,92993
7904,62055
62055,1480533
3026,62055
2034,7018
3030,62055
2034,11614
707,62055
519,62055
2034,2036
2034,17051
2034,131617
2034,26190
2034,11401
1032,2034
1243,7904
7904,204484
1152,7904
7904,41258
3026,7904
1524,7904
608,7904
7904,13524
7904,1179651
1032,7904
519,7904
5970,39104
39104,62644
569,39104
1243,39104
6818,39104
10959,39104
22461,39104
1032,39104
8654,39104
1121,39104
39,15730
15730,35005
15730,35174
10782,15730
15730,150098
1263065,2087244
3064,2087244
22679,2087244
15217,17285
17285,466391
12219,500061
2710,15217
15217,466391
15217,131680
15217,34934
15217,15218
12891,15217
15217,131947
15217,2104243
15217,74569
880,15217
15217,563350
15217,1213170
39,1643383
11090,1643383
55934,1643383
39,21339
39,3556
39,21463
39,488
39,1032
39,17697
39,21684
673,52968
673,36589
673,1071
673,48965
673,4522
673,3614
673,4014
673,12991
583,5655
583,54469
39516,114334
39516,1641679
39516,51736
39516,1215399
10959,39516
37618,39516
39516,61327
2303,39516
39516,67273
59410,1224222
62831,1224222
12219,1224222
22214,1224222
10828,964037
23446,964037
202816,964037
76171,112280
56857,133403
64108,76242
64108,86331
40863,101542
101542,138557
98631,101542
569,101542
16847,101542
66681,101542
101542,1039529
101542,1137824
80762,112280
67075,112280
2294,935179
138,935179
11770,935179
510,206169
76171,235430
112280,235430
101542,235430
118303,235430
3027,235430
2127,235430
137467,235430
121798,235430
4385,4753
4753,12891
6047,234817
234817,1038655
4753,40223
19536,40223
1461,40223
63052,64108
1896,40223
63052,63059
18862,40223
27889,1090812
23659,217587
55710,217587
88029,217587
217587,2549694
7018,76221
7018,7056
7018,9155
7018,53519
138,7018
4566,7018
7018,8297
7017,7018
7018,11109
488,7018
10707,58034
8654,131846
819,985904
23880,92436
956,11092
11011,11092
11092,11701
11092,82194
8844,11092
11092,934803
957,11092
11092,65734
366,11092
11092,202816
488,11092
18897,78110
10859,78110
54697,78110
10707,10722
280,10707
10707,11108
10707,14606
12094,76221
9144,12094
12094,151131
12094,138175
1300,565491
17883,565491
565491,1350918
565491,1541264
171830,565491
89027,565491
212,565491
5140,565491
23430,565491
524,565491
58552,565491
510,565491
17883,38794
5953,38794
880,1281388
2034,35460
97579,1217029
56205,97579
224,97579
5602,97579
1032,97579
5970,40863
5970,1063268
1063229,1063268
9656,56578
9656,56584
9656,56585
5953,9656
9656,56586
9656,110068
1219529,1750900
5281,80602
880,80602
20019,80602
1012,5575
1012,168309
1012,74752
1012,3027
9656,60931
23659,60931
1462,77869
17051,1179828
94342,1212871
38785,1212871
33192,1212871
10757,1212871
1461,1921
1892,1921
99363,1407486
10859,99363
510,34892
569,130253
90037,130253
2128,130253
58689,130253
62245,175698
56485,586110
2176,56485
5602,9306
24,9306
20665,27436
3556,27436
1152,27436
15175,27436
27436,78439
880,27436
2303,27436
928912,1284159
3490,928912
11090,155531
146459,155531
15346,155531
55710,155531
22226,155531
108,155531
155531,219396
11108,155531
11109,155531
488,155531
11090,146459
108,146459
488,146459
146459,204037
974,146459
39,207132
131680,207132
11090,55710
19311,207132
207132,1323533
11090,22226
3225,207132
11090,12891
121000,207132
2294,11090
207132,1295220
11090,14999
3288,207132
138,11090
207132,1198607
11090,47730
11090,52443
108,11090
11090,19303
11090,11108
11090,11109
11090,52842
488,11090
11090,41039
11614,86239
956,86239
31155,1184590
31155,98132
138,31155
11614,934281
11657,25598
11649,11657
1152,11657
11657,30715
45405,182009
144009,182009
52444,182009
225499,1111120
2632,225499
16483,225499
64172,225499
3288,225499
16847,236211
94124,1478307
65225,94124
94124,2601818
239,6056
3388,6056
6056,162931
6056,54645
6056,97263
5741,6056
1602979,1635720
3776,1099847
56383,1099847
138,1099847
21023,80602
17051,21023
956,1300
1300,1217029
1300,55536
1300,10859
1300,35796
510,1300
1300,117443
4581,6732
6732,88926
6730,6732
6732,59919
6732,185438
184581,1110909
956,4385
956,957
36589,936279
138,956
956,975
956,3125
524,956
956,17697
956,974
956,1121
515,12952
515,15218
515,8844
515,37917
515,82226
515,52849
515,3087
515,3125
515,65360
515,1158
515,20019
515,519
4581,11090
4581,88926
4429,4581
4581,16376
172,4581
3064,4581
4581,11108
1243,88926
88926,136512
88926,1213320
88926,1222855
66564,69342
19292,66564
13922,66564
60949,66564
7166,66564
66564,224610
1532,66564
66564,543261
7056,12952
12952,120096
12952,36589
224,12952
3224,12952
12952,65360
126315,219992
15810,38792
15811,38792
26205,38792
15812,38792
510,38792
6951,105676
11649,105676
12208,105676
101386,105676
69233,105676
57637,105676
2710,12891
2294,2710
2710,2712
2710,10828
525,2710
2710,82194
2710,143593
2710,16483
2710,43518
2710,6201
2710,11770
508,2710
108,2710
488,2710
2710,1710022
2710,14393
24,2710
525,83854
3634,83854
83854,137427
17108,17114
49281,51534
5602,49281
49281,78138
51534,67367
51534,78138
1243,1193125
30715,1193125
510,1193125
23289,30614
12891,1239407
1239407,1265056
10828,1239407
10859,1239407
9033,1239407
41088,1239407
1108,1239407
55638,1239407
213001,1239407
12995,23659
9813,12995
12995,23446
879,12995
31,12995
12995,12996
7056,76221
65360,76221
24893,74112
7,24893
24893,76100
16919,24893
151343,229043
21527,137427
9832,1009255
64227,1009255
185438,1024823
1024823,1245726
81597,1024823
14386,62644
880,1001646
84714,101399
10567,11649
2228,11649
3388,11649
11649,62862
1532,11649
1892,11649
11649,17697
11649,51329
33441,71082
33441,33442
1769,1332325
519,107395
1031943,1031944
1147872,1147874
79082,1546365
591835,1546365
12891,1546365
55934,1546365
1212270,1546365
168330,1546365
79082,591835
1152,591835
13333,591835
52934,79082
79082,113373
54734,79082
19274,79082
79082,440414
79082,1416533
79082,1212270
79082,555633
1524,52871
52845,52871
52871,1402358
52871,67773
14386,111513
7904,11707
3388,11707
11707,116805
488,11707
24,11707
1099028,1350245
10966,10967
10296,10967
10967,67758
7630,57862
7630,10967
7630,20204
844,7630
16847,20204
6046,20204
20204,36602
1090,20204
20204,66681
20204,1039527
20204,59027
15345,15346
455,9182
15345,28974
15345,120015
15345,1214366
15345,1214367
15344,15345
9181,9182
9181,23626
19242,59583
7270,59583
1152,59583
488,59583
15217,15346
15346,20204
2294,15346
15346,28974
15346,65779
15346,40256
15244,15346
1706,15346
488,15346
15346,58189
17883,1279644
5953,1279644
525,17883
2632,17883
6730,17883
17883,113373
1461,17883
5953,17883
5129,17883
17883,928625
17883,212208
17883,51329
1212856,4113608
21183,41530
68843,68844
68843,347335
68844,347335
42,71082
71082,1194205
203285,934803
203285,1123897
23799,77277
71947,77277
5281,77277
9281,77277
880,932432
57755,932432
1152,102445
110,102445
488,102445
1032,102445
589,102445
1776,102445
1146,64751
64750,64751
64751,68813
19896,64751
232156,1386070
2130,89250
5602,1617373
78021,1617373
7904,1115959
168877,1115959
41039,1424519
23659,55710
22226,55710
55710,74619
55710,177475
55710,985161
55710,62862
30614,55710
21007,55710
55710,56323
3388,28780
4385,5555
10696,1614855
224610,1614855
4385,31493
4385,4955
4385,39012
4581,23659
22226,23659
23659,58225
10859,23659
23659,105648
23659,161932
23659,45400
4937,23659
23659,62862
23659,30614
258,23659
23659,69230
8688,23659
17039,932759
1280031,1826669
11218,21204
2690,21204
11449,21204
8654,57055
9777,76422
8654,76422
25598,37268
31,37268
1158,61855
60585,67773
3064,15490
61,76422
15488,15490
59,61
3490,15490
61,66113
61,524
8844,1264840
84414,930629
239,486
239,162931
239,1216660
239,165843
16483,1407281
17697,1407281
7775,64746
586955,1151351
56205,168770
168770,985032
168770,1172366
39189,2004848
59,3776
1437576,2004848
5470,80586
59,27977
59,1650
59,3125
59,37626
1049919,1081569
1049919,1081445
223330,1049919
1049919,1688651
372,515
372,569
372,736
280,372
372,19665
372,488
372,510
202,60585
202,1243
202,9281
42,202
202,52849
202,1461
201,202
202,5953
202,53684
202,5602
202,30614
202,1299057
202,5129
202,1776
30614,1833768
15217,20457
11701,20457
31,20457
488,20457
2283,82511
57755,82511
82511,1136517
1300,10567
10567,82511
10567,35796
2036,17039
569,8685
2690,8685
488,8685
222330,933739
90,5216
90,98
23799,96172
62978,76242
62978,1969405
990,62978
22226,52934
9281,22226
22226,23626
22226,58689
22226,41088
449,22226
19274,22226
22215,22226
21007,22226
22226,70301
21463,22226
22226,41039
41091,70301
22214,22226
23626,70301
22226,51329
9994,70301
19850,70301
15070,20355
20355,97819
3490,20355
33312,89628
9033,33312
33312,149495
3087,33312
31,33312
33312,184581
488,33312
38418,38419
3026,52599
17051,39725
3027,39725
21007,39725
39725,78160
466505,1680840
22215,1680840
41039,1680840
35028,1680840
17051,466505
291263,466505
22215,466505
35028,466505
880,144221
2357,15892
1532,2357
1810408,2098025
1593336,2098025
17835,1236982
1236982,1237931
1222241,1236982
11090,31493
138,31493
31493,137467
26190,31493
280,31493
940632,1810408
234817,1224115
564,1224115
65727,113642
2675,76686
2128,2675
9888,73724
3893,15217
2710,3893
3893,77277
3893,10828
525,3893
3893,24045
3893,211962
3893,23446
3893,1300274
2386,3893
929825,930707
207132,930707
131680,930707
930707,1577092
930707,1020013
55474,58063
2690,58063
76082,84451
11770,1217029
108,1217029
23446,1217029
488,1217029
524,1217029
1032,1217029
13474,1217029
510,1217029
1223,1769
1769,4429
1769,80591
1769,95977
1769,13235
138,1769
1769,17242
1769,38803
1769,6201
1769,5953
1769,72125
1532,1769
524,1769
1769,1193602
1769,28866
1769,1776
510,1769
1769,10757
52849,70940
11993,70940
13333,70940
94916,94917
1177552,1555061
19242,57113
819,19242
3288,19242
9656,240740
129921,240740
15218,16848
15218,40223
15218,83854
15218,19975
15218,57113
15218,72724
14999,15218
15218,19536
15218,1471841
9281,15218
15218,16483
15218,18355
15218,95024
15218,35796
15218,543261
15218,78021
15218,51329
51679,1193598
1193597,1193598
11011,99363
11011,12891
6818,11011
819,11011
11011,74624
70818,996331
224875,929616
77295,78110
55710,72638
3634,72638
15175,72638
45400,72638
1617,72638
19014,62635
18313,62635
62635,1215399
1032,62635
366,72638
72638,145130
488,72638
67773,72638
2294,23880
5723,23880
879,23880
23880,60950
23880,64856
11108,1424212
11864,1815294
57408,1138001
56856,1138001
3027,1247264
205379,1247264
1214366,1247264
1214367,1247264
37917,1295292
1106745,1295292
52479,1295292
40476,1016214
15488,1016214
94264,1006148
1201865,2056299
1037997,1079368
129561,1037997
107766,1037997
47506,168309
36603,47506
12995,47506
15218,47506
28974,47506
47506,1293994
47506,149495
47506,161839
47506,167784
32278,47506
33045,47506
17039,47506
47506,1213074
62946,1190264
1190264,1219692
64829,101903
84416,84417
39189,84417
1524,84417
16483,52968
10828,1407486
80591,1407486
1229796,1407486
21007,1407486
24,1407486
67776,1407486
57327,1407486
57328,1407486
69051,928396
67758,69051
64813,142618
45405,45407
45407,1155547
45407,221944
21339,120254
9033,21339
2228,21339
508,21339
366,21339
21339,54472
21339,73289
5281,51864
51864,1041394
1896,51864
1056121,1151834
98,51864
1056121,1485107
16483,1056121
1056121,1639084
12208,101386
57637,101386
41091,143258
3027,143258
6431,143258
524,143258
36669,143258
2034,1246154
150607,1246154
1081445,1085903
41088,1045176
1893,1045176
79362,204962
5281,91585
102445,119665
3776,65452
564,65452
525,65452
11701,65452
65452,119294
65452,204962
12238,65452
68,65452
65452,69488
12718,65452
129097,1081445
224,1081445
66228,1081445
1081445,1137824
92012,1662226
76999,971273
42378,1498879
42380,1498879
971273,1140238
40863,971273
971273,1001384
31,971273
62831,971273
42378,42380
129945,1024823
2228,466391
30614,466391
2127,142686
62768,142686
4027,142686
11770,142686
19850,142686
95320,95321
10859,95320
56856,95320
66605,1285174
5656,1285174
1285174,1586169
139135,1285174
1001384,1031944
102445,1001384
1001384,1033654
564,1001384
1243,1001384
81856,222330
16379,81856
81856,84369
105435,130030
1032,105435
62635,1187819
1187819,1222225
99898,1187819
1187819,1222224
129097,1098477
1098477,1098478
1098477,1176124
1098478,1176124
224,129097
20019,129097
515,131680
131680,466391
3893,131680
12891,131680
19866,131680
54441,131680
9281,131680
131680,211962
880,131680
1274506,1780427
2127,90591
2128,90591
90591,1214473
45416,60949
2303,71797
1032,71797
880,45416
1892,45416
40863,1033654
16860,1033654
592318,1033654
5602,1033654
1032,1033654
115033,1680840
22038,115033
11770,115033
55075,115033
17880,115033
1776,16214
12995,18189
15345,18189
18189,77357
18189,32278
366,18189
18189,1137903
3950,18189
108,98631
1706,98631
98631,139150
98631,1828555
208113,1182669
53708,1581913
1581913,1795072
1213167,1581913
78160,1581913
51533,1581913
11614,77147
19311,77147
15033,54781
21134,54781
3950,54781
33045,54781
17051,81918
17051,51918
17051,41091
17051,77357
3027,17051
17051,84414
17051,51736
5216,17051
17051,41088
17051,19274
17051,69122
2228,17051
10959,17051
17051,62862
17051,21007
17051,52139
524,17051
17051,41039
17051,88029
17051,54697
1963428,1964488
13333,1964488
54441,1963428
13333,1963428
23659,83873
55710,83873
83872,83873
83873,1001113
83873,1221716
59410,83873
7132,83873
83873,111683
77089,83873
23659,83872
55710,83872
22226,83872
83872,1001113
41091,83872
83872,1221716
83872,177475
59410,83872
83872,220088
7132,83872
13524,83872
83872,524128
77089,83872
56323,83872
132963,132964
1723,2710
1723,1725
1723,29378
1243,1723
1723,20801
1723,151295
1723,8328
1723,16483
138,1723
1723,39012
1723,12238
1108,1723
1723,19665
1090,1723
1723,1222278
24,1723
1723,1776
1723,37426
47506,1018106
4937,1018106
64856,1018106
648,9747
1243,893462
147540,893462
1032,893462
16847,23799
138,23799
1461,23799
23799,1215399
8297,23799
1032,23799
10828,91784
14999,91784
57581,91784
11614,95321
76422,95321
10859,95321
5216,95321
5281,72024
1896,72024
1461,17510
564,995326
2176,995326
7482,9747
3556,7482
7482,133258
77950,81918
77951,81918
19274,81918
54697,81918
515,729
729,7056
729,90037
42993,64471
679,64471
557100,1368897
8780,208990
208990,1107439
69051,1107439
58225,132856
2228,58225
58225,132857
819,58225
524,58225
51329,58225
17439,162371
23659,162371
17051,162371
83872,162371
58225,162371
59410,162371
2228,162371
212,162371
162371,208519
524,162371
51329,162371
177475,1001113
3288,151092
9964,102445
488,9964
1776,9964
21339,84763
1236982,1405880
158735,190473
7630,1393787
10859,1393787
52443,1393787
211962,1393787
366,1393787
19303,1811738
4429,9888
2303,9888
9888,22461
89026,1220917
55873,1220917
3027,61950
113915,124280
113915,985161
124280,220303
124280,930254
84414,124280
89026,124280
124280,211962
23446,124280
113914,124280
34934,1211813
16384,34934
32278,34934
55710,1474332
73155,1602979
14386,73155
3125,73155
73155,212208
73155,1136517
33192,75131
75131,114334
33192,114334
20374,114334
114334,114335
1032,114334
2034,87257
39,87257
87257,223516
3027,87257
87257,1281190
57755,87257
76070,87257
87257,1023483
223516,1055231
10828,1055231
280,2163
38792,206410
206410,1161593
206410,220088
31,206410
206410,1141766
37268,239672
6056,181096
19311,80675
9281,80675
21032,80675
15557,80675
4027,80675
35796,80675
80672,80675
80675,1299642
3634,19311
15557,19311
19311,67758
19311,1411697
19311,1107296
566273,1147923
41091,1152054
174514,1152054
63234,1152054
2228,1152054
1892,1152054
4760,9147
4760,97296
71943,71947
14386,71947
42138,71947
71947,183230
71947,113914
564,59918
564,569
564,66113
564,1650
564,6163
39,569
59,569
569,1652371
569,69845
569,3225
569,54469
569,55499
569,3634
569,1035
569,45400
569,5723
569,11218
569,11770
569,67758
569,138781
569,64194
569,41670
569,7132
569,87672
569,2690
569,35028
569,5470
1725,59583
1725,9747
1725,7671
1725,39819
1725,8328
1725,65237
1725,16384
1725,545572
1725,1726
1725,53276
1725,1203848
75286,1641679
2303,1641679
15175,110833
12891,15218
12891,47506
12891,1130788
488,12891
12891,117642
12891,51533
86626,1020767
19274,86626
86626,132857
1532,86626
41039,86626
86626,1059572
44735,86626
110283,1152005
136495,1152005
859754,1152005
45421,1152005
1044255,1152005
34110,1152005
1893,1152005
5090,1152005
15175,164554
42,164554
19975,51298
19975,78439
515,7270
3431,7270
7270,57755
1650,7270
7270,67752
110,28902
28902,55636
211845,212285
14,212285
39189,84416
1524,84416
82885,131870
45400,82885
82885,184581
72024,1371247
1371247,1407486
15892,1371247
1152,12833
4027,12833
31,12833
1892,12833
6163,12833
95573,95575
4937,95573
151131,1221053
3776,1320818
31268,146745
7132,146745
3064,77775
54472,77775
73289,77775
348,57271
2294,11159
138,2294
2294,11770
2294,16384
2293,2294
19292,24173
24173,109708
880,24173
24173,41670
1896,24173
21526,24173
488,24173
24,24173
82335,82337
37917,82337
82337,1115333
16863,82337
82337,98522
939336,939337
12208,101389
101386,101389
211845,543261
211845,1220479
98104,939337
63772,224610
12208,69233
5281,305750
88967,305750
5281,1056121
1243,5281
4429,5281
564,119665
1243,112588
112588,994970
1652371,1932179
1179651,1652371
1474798,1474799
1344622,1474799
1474799,1603020
1344622,1474798
1474798,1603020
2034,19866
19866,32250
19866,90607
1957,19866
23799,92327
51329,170432
39104,213357
3225,213357
4937,213357
213357,1968322
879,213357
11401,213357
76242,2380389
1056121,2380389
5281,2380389
1032,2380389
1243,3776
1243,11090
1243,1031944
1243,65452
1224,1243
564,1243
1243,86626
1243,78188
1243,56539
1243,5655
1243,3027
1243,2632
1243,23626
1243,1044255
1243,16376
1243,21678
1243,37917
1243,16483
1243,3634
138,1243
1243,98103
1241,1243
1243,5656
1243,45400
1243,53708
1243,52443
1243,52849
309,1243
1243,73421
1243,59410
1243,74159
1243,2228
1243,10439
1243,933558
1243,54240
1243,41670
1243,12900
1243,52139
1243,8688
1243,5367
488,1243
1243,12219
1243,90492
1032,1243
1243,3490
1243,78160
1243,139135
1243,67773
1243,54472
1243,1776
1243,994970
1243,44735
84981,440517
74655,209513
2128,139098
30614,139098
139098,1076793
51329,139098
53240,139098
19975,64295
64295,983909
9562,64295
24,64295
64295,94471
1702842,1702843
144009,1251586
62861,1251586
102109,148804
3905,148804
19536,52358
16847,52358
79279,203285
39657,1041394
1041394,1572145
11325,1041394
17087,1402972
40863,1394802
1302549,1491121
1617,1302549
1194205,1302549
488,1302549
1181319,1491121
122517,1491121
56718,1491121
5970,92015
4429,92015
1776,92015
43527,262707
78040,430997
3026,78040
23227,28974
3027,28974
7087,28974
28974,161839
5602,28974
28974,120015
28974,1214366
28974,1214367
11449,28974
73421,1342445
77089,1463156
3776,98103
98103,105435
98103,211845
98103,104561
4937,98103
98103,116267
4762,98103
14887,98103
76070,98103
280,98103
21007,98103
98103,98104
44735,98103
145305,152414
6211,57835
6201,57835
99363,983909
66549,983909
61855,983909
3225,983909
983909,1448221
34050,983909
13235,983909
983909,1423660
3388,983909
13524,983909
6575,19656
19656,1284159
19656,24045
143593,1425642
23659,189230
58225,189230
28898,132841
3027,589761
562141,1211636
56262,562141
166776,934281
41088,166776
35595,166776
114470,166776
44735,166776
78040,235548
15912,20213
19852,20213
20213,35028
21134,23766
23766,27518
23766,27519
12208,29783
29783,57637
29783,44735
11108,1055220
1157091,1157092
8447,145181
30614,145181
30586,30614
1170861,1170863
57692,86626
2632,57692
16377,57692
16846,57692
1652371,1982215
510,9562
11108,47730
47730,1227439
4581,45053
45053,1137903
39,2283
2283,146459
1243,2283
2283,7056
2283,36589
2283,23626
2283,556172
2283,21134
108,2283
2283,23446
31,2283
2283,4566
488,2283
2283,17697
2283,44735
7,11092
7,569
7,12891
7,12890
7,84496
7,16961
7,16384
7,7929
7,519
14999,73424
71082,1200558
524,1309008
1480594,1480595
119153,1721377
1040896,1465349
564,56411
56411,56412
5281,5294
5281,177532
1241,5281
5281,11218
5281,122423
819,5281
5281,36811
1158,5281
488,5281
1032,5281
5281,51329
1342445,1676969
3634,48567
24049,59331
18897,20801
12094,1030255
10828,39516
48567,1030255
236413,1030255
10828,1246154
10828,114016
10828,11218
108,10828
10828,76070
24,10828
223,10828
10828,51329
10828,1137824
1032,33349
23659,99410
55710,99410
16359,54441
116881,130514
15070,16848
15070,97819
68,10620
2303,10620
59,229568
16379,40863
16379,18189
14597,16379
5216,16379
1035,16379
16379,940376
16379,19303
16379,30614
8297,16379
16378,16379
16379,41039
16379,76245
16379,586998
558860,1198724
76070,558860
44735,558860
37526,78188
45400,78188
2838,78188
30715,78188
78188,78190
56349,1296503
3027,1296503
1776,56349
525,527
527,1497967
15488,229604
525,136495
525,15217
525,77863
525,10828
525,204962
525,1158
488,525
525,1032
525,137427
53117,169730
51329,169730
455,85203
3027,74752
5014,39012
5014,18910
488,5014
26852,1140238
26852,76999
26852,31268
38785,48567
26076,38785
8328,161354
15345,564940
28974,564940
44789,161354
80591,1020767
55499,564940
150,1020767
27,564940
137427,564940
4760,981823
98,981823
94342,1544170
17835,23659
17835,39189
2632,17835
16376,17835
17835,47730
17835,52849
16377,17835
13524,17835
11108,17835
5741,17835
39,122029
1498662,1593336
4429,1432635
201,4429
2838,4429
4429,76070
150,4429
2303,4429
1532,4429
14172,185438
14172,56323
51329,1577092
55536,170820
57113,1020013
25210,57113
57113,1080778
17880,57113
53240,57113
510,57113
7018,55536
41091,55536
10859,55536
55536,63234
55536,177532
55536,1141683
1532,55536
55536,116805
41039,55536
70675,99436
55934,71082
55934,89847
55934,204962
55934,84740
280,55934
55934,1052583
55934,1097660
55934,89843
55934,55936
4385,99436
2294,99436
138,99436
11401,99436
58709,81850
6201,33192
33192,71872
5294,7018
5294,71947
5294,12891
5294,51864
1243,5294
1012,216656
5294,70500
12219,216656
5294,15277
210160,216656
5294,5872
5294,79434
5294,55499
5294,940376
2283,5294
3224,5294
5294,11218
5294,1192893
5294,43141
5294,6046
5294,1508314
5294,23446
5294,108346
1896,5294
488,5294
5294,42138
5294,44735
929825,1191348
5602,1191348
30715,1191348
1294862,1711826
543261,1294862
4762,91569
59803,137262
11701,59803
21879,59803
15812,59803
19416,59919
5953,19416
19416,1138699
38792,56041
56041,59803
56041,137262
15810,56041
15811,56041
2216,56041
12824,56041
54051,56041
15812,56041
56041,65599
56041,65600
4760,980284
56205,980284
9147,980284
23799,32030
16379,32030
19303,32030
16378,32030
188403,1238434
10757,188403
61327,69342
89847,1286797
152463,1238434
5281,204250
1238434,1284159
80591,132964
37917,132964
132964,2202398
879,158938
6046,1323533
31,1323533
3288,1323533
488,1323533
73460,1323533
5470,1323533
6732,6733
6730,6733
6733,57130
23659,41091
41091,174514
11864,41091
2228,41091
508,41091
41091,51851
41091,62831
41039,41091
1892,41091
41091,67773
41091,1136517
7056,23659
7056,1246154
7056,54441
7056,204962
5656,7056
7056,52443
7056,15557
2176,7056
31,7056
7056,1785458
7056,125167
4566,7056
7056,13333
1158,7056
7056,1222241
44735,113570
1612078,2185140
174514,182009
17883,174514
174514,1045176
55536,174514
170820,174514
41039,174514
59,10696
1243,10696
1243,1180698
582722,1180698
1180698,1180701
51329,1180698
99710,123313
1001113,1221716
55536,1221716
13496,130030
1241,13496
13333,13496
57492,1341911
17087,1341911
116805,1341911
41039,1341911
3776,558062
1243,558062
17087,558062
19292,20818
20818,41039
1532,1332746
488,19536
19536,1711826
206757,1471841
23659,1471841
4937,1471841
56323,1471841
16847,87494
119294,1521952
34110,57561
5575,1448221
168309,1448221
15218,1448221
1151834,1448221
67758,1448221
1113116,1448221
24208,76242
24208,1708739
11108,24208
24208,30365
17051,1028244
67580,87082
108107,550475
31268,67580
138,35550
20019,35550
11701,11864
1152,11701
3634,11701
11701,1780413
11701,1215399
879,11701
121000,1323533
3224,121000
121000,1295220
16847,16848
16847,120245
11090,16847
2294,16847
3027,16847
138,16847
16847,35796
5602,16847
150,16847
16847,59291
488,16847
5655,54441
13333,54441
54441,78160
56205,67796
52443,67796
1098037,1098038
18862,1488984
1896,65594
54472,65594
812068,1288345
127463,1288345
21479,98132
1286523,1602979
1286523,1471841
55536,56539
56539,1437482
23626,56539
56539,177532
52849,56539
56539,220088
1032,56539
5010,56539
55536,1437482
177532,1437482
1179651,1437482
228135,1612453
19769,1612453
1457025,1612453
52934,59919
41088,52934
21007,52934
26205,52934
41039,52934
1748,12891
1748,4937
1748,52139
1748,36811
1748,2199887
1748,72757
1748,1230194
10859,56205
77357,1420608
4581,72624
5696,72624
1650,16333
3556,120096
8447,120096
3027,27767
1150,27767
18897,1167211
138,1167211
59,3556
1243,3556
3556,21678
3556,3558
3556,1109815
3556,938835
3556,5470
175285,1432083
3556,5655
5655,13922
138,5655
5655,5656
309,5655
1461,5655
5655,38803
31,5655
819,5655
1532,5655
5655,37626
524,5655
1032,5655
3490,5655
5655,8654
1121,5655
19536,39213
4937,39213
39213,202816
30711,934281
114470,934281
15033,51298
3027,15033
15033,19303
15033,21007
21339,1494775
1437576,1494775
11864,13922
11864,204325
488,12832
52694,52695
17665,1179651
11090,57633
1300,57633
57633,67758
55638,57633
78500,80591
3634,78500
9562,77121
34050,37933
4566,77121
6730,70500
3224,70500
31,70500
65360,70500
70500,212208
70500,1391986
6818,17051
6818,204962
6818,73421
608,6818
258,6818
1650,6818
2303,6818
6818,10249
6818,18533
22226,80591
80591,211845
9281,80591
41088,80591
19303,80591
2176,80591
60545,80591
80591,82840
1532,80591
62861,80591
524,80591
17697,80591
67773,80591
22214,80591
44735,80591
564940,928106
10828,1821621
16847,1821621
39012,1821621
5281,1036428
224610,645348
24045,1529110
22226,24045
17051,24045
525,24045
19274,24045
13520,24045
488,24045
24,24045
81082,1416383
24530,24531
47826,229568
1957,47826
16848,27226
20294,27226
5140,27226
27226,2404078
1150,41258
1532,1141683
19850,1141683
27,4723
27,7904
27,2163
27,17785
27,21136
27,8780
27,488
27,1032
24,27
27,6111
27,51329
27,137427
172,586002
172,2034
172,11090
172,55251
172,65452
172,105435
172,11701
172,6730
172,163998
172,59919
172,137467
172,45053
172,1893
172,26190
172,64194
172,15602
172,83287
172,70144
172,125505
172,84665
172,15488
172,53240
59919,76221
19292,59919
59919,151343
59919,1469591
59919,115725
21007,59919
59070,59919
52444,59919
59919,125505
41039,59919
16391,59919
92012,985032
56205,985032
55439,985032
132856,1224999
139150,1224999
4955,40541
40541,105866
1121,40541
22226,104561
14887,104561
510,104561
71725,1548714
20374,75131
20374,33192
19292,20374
20374,58873
1893,20374
20374,71280
449,20374
879,20374
20374,30715
20374,64172
11108,20374
18533,226622
172,109478
1180535,1717627
131617,211845
138,131617
131617,162931
10704,34110
2260,10704
10704,78012
2260,13520
3388,179632
90037,228428
73421,142292
52139,142292
83287,142292
25598,43130
1169454,1169456
2719,16483
515,76009
3027,109339
3125,17087
13333,17087
1224,1241
1241,19292
1241,15175
1241,32278
1032,1241
42,131459
52139,158735
21563,588054
8328,69617
56281,69617
879,69617
38023,66555
168309,940376
7056,940376
39657,940376
3228,940376
31,940376
54040,940376
940376,1137903
21183,940376
20410,193475
58403,1211813
57429,58403
58403,291263
30309,1140476
25598,1140476
4760,1140476
224,1140476
56383,225557
16863,225557
53176,203285
53176,989235
53176,1167472
53176,1167473
53176,53806
488,53176
24,53176
12891,41088
41088,65630
41039,41088
21422,41088
30614,56411
56323,56411
135795,963482
69122,1003236
3224,15730
3224,4581
515,3224
3224,3225
3224,12238
3224,224610
3224,55477
3224,70144
3224,53863
3224,113515
1032,3224
3224,68720
45400,130030
45400,65452
9888,45400
45400,45407
5655,45400
5656,45400
45400,1295220
30614,45400
41670,45400
45400,222686
524,45400
44735,45400
17039,52849
52849,543256
52849,67773
51329,52849
309,3776
309,569
309,3556
224,309
309,3634
309,4955
309,1930
68,309
258,309
309,21684
1230367,1561511
86626,109708
56585,109708
109708,1137588
109708,967330
41039,109708
109708,543256
569,1893
525,1893
1893,1280031
1893,41088
1893,73421
1461,1893
1893,69122
1893,19303
1893,37618
880,1893
1893,30711
3027,4385
3027,1182832
3027,14999
3027,51736
42,3027
3027,4722
3027,10966
3026,3027
3027,4027
3027,936211
3027,23446
3027,239583
1150,3027
3027,78138
3027,18533
3027,56781
348,3027
3027,5741
39189,211845
39189,55934
39189,98103
14,39189
39189,59919
17697,39189
39189,1629497
198150,291263
19274,198150
125167,198150
1532,198150
1892,198150
525,1145214
201,1145214
91394,204484
204484,1201865
18533,204484
57581,231199
1896,2590
2589,2590
59018,119419
37917,56383
56383,933121
16863,56383
44735,56383
17697,79033
72196,119294
5970,119294
15490,119294
9747,119294
6818,119294
138,119294
119294,120226
69488,119294
1650,119294
1032,119294
15488,119294
13922,15218
1243,13922
13524,13922
82194,82195
108,82194
7722,82194
2034,10747
9033,10747
8193,10747
10747,12718
7040,929825
879,7040
6201,6211
7040,21463
70144,150607
53023,112674
53023,75542
9281,55536
9281,67796
1152,9281
4937,9281
9281,218737
9281,11218
9281,19274
9281,19303
5367,9281
11159,63208
11159,60949
15277,23659
525,15277
10696,15277
957,15277
7087,15277
4937,15277
5723,15277
880,15277
1930,19799
19292,50583
11401,50583
55493,1280031
83228,1280031
20659,20709
33192,55493
24045,55493
19224,55493
55493,139150
524,55493
19850,55493
20659,120226
2228,20659
3634,586001
20659,1214473
12718,586001
2989,1391986
36589,39657
36589,1109815
7132,204325
2710,939155
2294,939155
57581,939155
9832,939155
189230,939155
12238,939155
5602,939155
2419,939155
60962,1232123
58370,159778
60962,2877381
60962,73609
61178,73609
6046,73609
73609,1666900
223736,1655952
23626,102109
102109,186329
15149,90037
879,1371248
89628,1605612
17496,89628
89628,999788
21479,45343
488,1102074
1461,969493
31511,969493
15488,78054
1146,66605
66605,72638
2283,66605
45400,66605
5129,66605
68039,86482
11151,95977
52444,95977
1032,95977
7630,8844
8844,45407
3027,8844
8844,30368
8844,12238
508,8844
3388,8844
8844,16961
8844,51851
8844,67367
31,8844
1150,8844
488,8844
648,8844
519,8844
8844,67773
8844,72757
348,8844
59357,1020013
7087,59357
14999,80762
67580,127463
87082,127463
58245,127463
64035,127463
11092,106827
220303,1211813
19303,1211813
1211813,1863946
113914,1211813
2034,62946
62946,88926
23659,62946
55710,62946
62946,211845
62946,99410
62946,62948
172,62946
62946,93494
55936,88823
591835,1936668
1448221,1936668
4762,1936668
572295,940376
151295,163496
53684,84075
62831,84075
204484,1286540
1286519,1286540
488,1286540
24,1286540
23659,60074
60074,1187819
58225,60074
60074,86626
39189,60074
15277,60074
16376,60074
60074,63234
60074,113373
60074,66633
17087,60074
60074,109708
59410,60074
60074,220088
12219,60074
60074,90492
41039,60074
60074,139135
5281,1059571
1243,1059571
211962,1059571
7932,10859
10859,91269
3893,10859
10859,55934
10859,125738
10859,57633
10859,81476
10859,212208
372,93396
93396,143593
93396,119396
11092,1147923
98631,1147923
15218,1147923
934803,1147923
51851,1147923
67317,1147923
1706,1147923
3776,143593
39657,143593
27428,143593
137427,143593
10757,143593
79241,930254
211962,930254
1972513,1972519
14887,1972519
85666,95510
85666,230433
85666,119819
81217,86164
1769,2632
2632,19292
2632,9281
2632,60949
2632,115128
2632,9562
2632,25703
2632,52849
2632,32895
2228,2632
2632,19303
2632,53684
2632,16377
2632,60950
2632,55638
2632,4566
880,2632
1532,2632
2632,3125
1892,2632
2632,67773
5281,7488
19292,60949
32895,60949
60949,60950
60949,77075
36811,60949
5877,1204188
145170,1541264
11701,21136
21136,23626
8780,21136
1150,21136
524,21136
648,15801
1243,74295
23626,74295
15801,74295
16483,74295
74294,74295
82885,1044255
582722,1044255
22461,1044255
107766,1044255
2710,934803
103041,934803
19303,934803
488,934803
211980,1044255
211980,1141683
113914,211980
5655,23626
23626,58689
8780,23626
819,23626
137427,1018332
55499,1911436
928106,1911436
930710,1115959
86626,930710
84414,930710
77950,930710
77951,930710
166776,930710
41088,930710
31,930710
543261,930710
44735,930710
84414,567120
1071,84414
4937,84414
5953,84414
84414,239583
67758,84414
12219,84414
1892,84414
17697,84414
2036,1671552
53240,1671552
10959,53935
1158,53935
114016,220303
17016,114016
52506,114016
16376,57406
56205,1384672
57405,57406
57405,57407
16376,57405
6730,57405
4485,23659
4485,19292
4485,53684
6730,16376
16376,16377
14597,1978406
39189,1457381
1457381,3380290
9144,1457381
98103,1457381
44735,1457381
39104,68758
2632,68758
16483,68758
15175,68758
1844,68758
16938,68758
55636,68758
1071,3556
31,1071
524,1071
21678,37917
21678,222686
52935,1293994
81476,131946
52935,74569
4937,131946
1032,131946
44735,131946
2838,229519
16847,1293994
76627,229519
1461,1293994
98,229519
1293994,1661850
20173,229519
3905,68574
40863,101543
101542,101543
101543,1001384
3776,88750
23626,88750
17277,88750
88750,95519
88750,230300
15488,88750
130253,209879
90609,209879
53068,209879
209879,593079
30614,209879
209879,930526
82337,515221
82335,515221
64194,515221
1243,999760
957,999760
10828,51021
51021,51023
224,51021
51021,59291
7166,1217601
7166,22226
7166,24173
1243,7166
1748,7166
7166,16376
7166,16483
3026,7166
7166,109708
7166,19303
31,7166
7166,54645
7166,52139
1158,7166
1032,7166
7166,76245
10828,51023
5877,1204187
5655,1555636
151295,1130788
1462,37917
20387,37917
2228,37917
2838,37917
37917,2219327
37917,98521
3490,37917
19850,37917
37917,56856
37917,44735
132856,1079368
1079368,1224999
7904,87281
22226,87281
17051,87281
23880,87281
1748,87281
3026,87281
87281,440414
76221,1684122
59919,1684122
1461,1684122
16377,1684122
1684122,1959734
67773,1684122
569,1331163
1301933,1331163
66074,1331163
116805,1331163
172,201639
19665,1044835
488,1044835
64141,79434
16848,1162029
9832,1162029
9832,16848
9832,968666
9832,26713
8328,15217
8328,17285
8328,151295
1152,8328
138,8328
1035,8328
8328,38568
8328,30715
8328,16938
488,8328
1032,8328
24,8328
8328,58728
1776,8328
8328,1621370
138,1152
1152,24045
1152,59919
1152,17087
1152,3210
1152,65108
1152,1211732
1150,1152
1032,1152
17883,1192754
84931,1192754
1192754,1419558
58873,62157
57130,62157
59291,62157
65314,227910
1776,227910
137427,935990
590343,590346
16860,590346
68929,590346
2127,1338249
2127,3027
2127,2128
2127,55075
2127,1113116
2127,58189
66555,131870
45400,131870
9994,131870
131870,184581
131870,208519
131870,1212270
1892,19014
5140,132195
63234,80602
41091,63234
63234,174514
63234,1192754
14,63234
63234,66515
117382,1382199
1032,224644
62948,466505
19274,158450
224,2710
224,23227
224,1432635
110,224
224,76070
224,488
224,455
224,1032
1357,1770139
51736,204962
2176,51736
110,51736
51736,57573
586002,1015903
2712,1015903
13922,1015903
2130,1015903
69051,126125
138,126125
108,126125
280,126125
1215038,1822324
16483,1485107
10828,1663692
89026,220303
1101411,1155547
89026,1680840
89026,985161
89026,1237905
16483,62635
16483,16847
16483,1215399
16483,32895
16483,1551545
16483,16938
16483,27846
16483,34517
71267,1179651
125324,1277093
66193,71267
66193,69797
66193,104644
66193,76595
98537,1023296
11151,1023296
125324,1023296
24970,1023296
66721,76422
1032,1349911
1706,66721
7904,2718313
18254,2718313
2176,2718313
15112,2718313
3087,2718313
76794,1903350
54525,76794
76794,1339930
56661,76794
957,23447
957,131947
957,27428
957,974
11092,23447
11090,23447
23447,64814
23447,137467
9813,23447
23447,1080778
23447,79241
23446,23447
23447,151343
23447,67485
510,23447
3027,140192
64814,227094
5877,5892
5892,117642
9144,47730
9144,98104
9144,11108
38516,83183
1769,38516
12718,93911
11401,70575
65360,1371878
55499,55500
21527,55499
3556,18355
55499,928106
2303,55499
1152,54868
14386,1284498
579551,1284498
51329,1284498
41697,41698
62946,161932
13235,161932
105648,161932
56370,161932
13235,105648
1461,105648
31268,40863
31268,101542
10828,31268
4429,31268
31268,56383
31268,87082
31268,1079368
17016,31268
31268,1094069
1032,31268
6340,111588
3064,111588
3634,10533
13235,939337
13235,558860
13235,41091
13235,19292
13235,54441
3634,13235
1461,13235
5723,13235
11218,13235
13235,32895
13235,62831
1892,13235
13235,17448
3634,39012
3634,13333
11218,1003190
131680,1020013
11011,1020013
10828,1020013
564940,1020013
114016,1020013
65630,1020013
1020013,1380819
1020013,1380820
53176,1020013
1020013,1080778
1020013,1257144
7626,1020013
65629,65630
1302549,1380819
129975,1380819
65630,1380819
1380819,1380820
54734,1380819
19274,1380819
17277,236889
524,236889
120254,236889
9033,120254
73838,120254
508,120254
366,120254
1302549,1380820
129975,1380820
65630,1380820
54734,1380820
19274,1380820
932248,1046225
880,932248
61178,132857
61178,1325716
15244,15345
15244,1279644
9033,15244
15244,55391
280,15244
15244,28239
21007,221678
55710,57130
57130,58225
324,57130
57130,73421
879,57130
21007,57130
41039,57130
57130,1317388
51329,57130
974609,1075786
7395,7396
21800,74619
7395,21800
7396,21800
1532,7396
589,7396
7396,54697
1035,33192
1035,36589
1035,16938
1035,57755
68,1035
1035,1150
488,1035
1032,1035
1035,1776
53603,1001719
1032,34510
84075,115128
71551,115128
41039,115128
115128,1841252
115128,1436999
67773,115128
101911,224610
589,101911
1158,28898
28898,30365
2130,7904
2130,37526
2130,3026
2130,39012
2130,13524
2130,12900
1158,2130
488,2130
524,2130
24,2130
1776,2130
348,2130
14,1243
14,11701
7,14
14,5602
14,1179651
14,212208
14,67773
14,51329
14,5741
19769,203285
19769,80675
19769,33192
19769,1936668
16483,19769
10959,19769
8688,19769
13927,19769
59410,132856
132856,132857
19292,996242
1219529,1774411
51329,1219529
943183,1238222
2034,76965
4581,76965
62635,76965
957,76965
1032,76965
14386,1566466
1788573,2018919
5953,1685190
7904,1113448
1776,53120
30368,51851
3026,13524
3026,67773
56323,56412
39058,43993
27767,35496
51944,53267
1197572,1353802
131388,131397
98522,131397
1748,1216745
52139,1216745
588387,1379768
5281,49042
39298,49042
1032,49042
224610,1063934
163496,1063934
65677,1114792
88926,93494
62948,93494
5346,11701
5346,68928
5346,8780
1930,5346
5346,210160
17386,18176
17386,17387
16848,64227
17051,64227
19311,64227
64227,74619
18384,64227
52934,64227
64227,177532
54734,64227
19274,64227
64227,69237
64227,77885
20193,64227
62862,64227
62863,64227
62854,64227
56661,64227
64813,64814
31511,64813
64813,219396
21684,64813
5656,22226
5281,5656
5656,78188
4429,5656
5656,19292
5656,204962
1241,5656
5656,39012
5656,8447
5656,18863
5656,12900
1650,5656
5656,78190
1150,5656
5656,122582
488,5656
78021,1058963
59410,177475
212,177475
177475,224197
85236,177475
41039,177475
53708,56383
53708,204962
15488,53708
52139,96342
96342,570785
19003,19006
71797,84369
569,84369
6818,84369
57492,84369
19006,84369
84369,579551
18533,84369
8029,57755
19303,20503
880,20503
1892,20503
20503,1237905
1617,59330
9777,238822
45405,221944
59,95322
41091,119368
10859,119368
19014,119368
119368,177532
119368,144009
149495,1187819
12891,149495
149495,1054633
149495,1194205
88967,149495
18923,149495
18924,149495
69697,149495
455,84021
12718,84021
5281,943183
92784,943183
40312,943183
1930,943183
22226,25703
17883,52849
52849,58225
52849,86626
24173,52849
16376,52849
9562,52849
52849,109708
52849,53684
16377,52849
52849,933558
52849,220088
52849,77075
9994,52849
52849,440414
41039,52849
5575,72034
9281,72034
68039,72034
62768,62770
455,51686
11401,62768
36669,62768
27710,62768
5723,968666
1243,15175
3556,15175
15175,16483
15175,57399
15175,39012
2176,15175
68,15175
1650,15175
7722,15175
15175,65108
1158,15175
6039,15175
15175,72757
15175,67752
1776,15175
11614,2417656
138781,2417656
10828,204962
15175,204962
6730,204962
151343,204962
280,204962
1748,32731
32731,1211991
2386,32731
178426,1231184
177532,206410
45400,177532
31,177532
2199,177532
62863,177532
524,177532
486,67360
486,5655
1208178,1208179
21339,52896
1978,52896
6730,23659
6730,57130
6730,71329
6730,13520
1032,6730
160092,1211813
160092,211962
160092,1237445
2632,58689
1060223,1522546
529913,1053508
17087,529913
2719,1558077
224,1351011
45407,82226
41088,82226
82226,202816
579281,1167896
123132,1167896
17051,77950
77950,77951
77950,1117026
77950,1897005
11649,77951
17051,77951
77951,1371010
77951,1117026
77951,1897005
56960,228135
176489,228135
54040,228135
120015,228135
228135,1018751
956,176489
1300,176489
10828,176489
88967,176489
2176,176489
31,3972
3972,76070
569,40256
11701,40256
10959,40256
879,40256
7132,40256
488,40256
37917,52704
47646,84930
138,3776
138,58744
138,4385
138,5281
138,16379
138,525
138,3556
138,1461
138,39012
138,11770
138,224610
138,92784
138,5602
138,8297
138,11401
138,3125
138,1150
138,488
138,1032
138,1121
141673,1046225
19536,58873
18897,58873
1158,58873
1776,58873
65766,2224670
56842,69488
5216,73421
1893,5216
4937,5216
5216,123997
2228,5216
5216,19303
880,5216
5216,76070
5216,51917
5216,21007
1892,5216
59410,113373
113373,933558
41039,113373
113373,212208
113373,210160
22214,113373
113373,1222189
1105073,1106991
5281,1389015
51918,79491
51866,565491
51864,51866
51866,211962
51866,1113116
51866,95458
38516,201279
12238,201279
1776,201279
4955,14999
4955,11770
4955,13333
4955,78160
16838,58034
16838,98132
16838,57581
16838,60949
16838,1027173
16838,563882
16838,20193
16838,1327402
16838,65615
16838,42113
57302,1060541
78322,1060541
17242,38803
17242,1180701
1776,17242
163998,1109815
10757,163998
3045,3047
27226,61117
138,84981
84414,1361929
61178,1361929
4722,4723
4722,20294
4722,62635
4722,23964
1893,4722
2228,4722
880,4722
1032,4722
13235,61069
61069,61178
56785,102735
44810,102735
2127,1101411
582919,1101411
1101411,1302082
9033,1014026
9033,47506
9033,28974
9033,11701
9033,11864
6047,9033
2695,9033
8193,9033
1121,9033
59410,66633
24951,66633
45407,303064
11864,35174
35174,53935
1329260,1635720
1182439,1182440
2460,10295
10295,510218
488,10295
5575,1039356
956,1039356
18897,1039356
204962,1039356
366,1039356
16919,1039356
543505,1167487
35028,1167487
137467,524112
2293,524112
137467,182327
137467,219367
5470,137467
30309,47730
47730,76242
21339,47730
1893,5367
1892,1893
11614,73421
1152,73421
17496,73421
324,73421
5953,73421
73421,1145520
73421,1508314
4762,73421
3087,73421
366,73421
1896,73421
73421,83287
2589,73421
648,73421
67773,73421
73421,1136517
73421,1023483
16863,73421
31511,125738
31511,1293994
1461,31511
31511,64141
880,31511
59258,96316
64817,1891470
1461,64817
31511,64817
30614,64817
1461,1462
1461,2294
1461,33192
1241,1461
1461,5656
1461,52443
1461,123997
1461,11218
1461,4762
880,1461
1461,101045
1461,1896
1461,1532
1461,1892
73421,1133010
6431,1133010
122724,1133010
569,1516986
23626,1516986
557383,1516986
280,83784
200,5741
84739,84740
101930,1308906
2130,84836
4766,84836
1617,1731915
1617,12833
1617,56539
1461,7087
7087,12238
608,7087
3388,7087
2293,7087
488,7087
1776,7087
510,7087
5741,7087
7087,57646
2176,16785
1930,69748
5367,69748
69748,85925
54525,126770
19841,54525
765,7482
765,4429
488,765
765,53090
78064,1008141
4937,15033
4937,73421
2228,4937
488,4937
4937,59231
55439,2019622
55439,2019623
20173,55439
707,62985
2294,20387
11770,20387
880,20387
366,20387
223,20387
42,1634
1634,21183
1634,567202
111205,1451013
1451013,1508314
1451013,2025364
21463,1451013
119396,142995
1220917,1474147
1232123,1414867
201,19274
201,5953
201,258
1177552,2440249
33192,1423660
30715,1423660
22226,1145610
1145610,1299057
1032,1145610
5655,109314
8844,109314
109314,126125
109314,1169456
12890,109314
5602,109314
488,109314
510,109314
2690,1385966
2199,15795
109402,123997
56578,56584
56578,56585
5953,56578
56578,110068
52443,56205
138,52443
707,52443
1532,52443
52443,52444
52443,62861
11887,52443
56584,56585
5953,56584
56584,56586
56584,110068
56585,56586
56585,110068
56585,440414
7087,15774
488,15774
510,15774
71280,147967
16376,164866
1243,68376
68376,72757
8654,68376
66510,66511
5723,11614
5281,5723
5723,37917
5723,9562
5723,552252
5723,12900
5723,1179651
1150,5723
519,5723
5723,44735
16860,39819
14414,16860
54614,239418
230300,239418
44810,239418
1001797,1001799
18897,153997
2632,521563
19274,521563
18897,57727
964037,1281190
569,1281190
151295,1281190
92784,1281190
1252869,1281190
880,1281190
19119,1281190
7132,1281190
2710,12180
608,12180
488,12180
7130,582919
7131,582919
103041,582919
113664,582919
9033,582919
9813,582919
23880,57399
56349,57399
8966,57399
9813,18185
5281,9813
9813,13079
9813,67758
11916,57399
819,9813
1090,57399
9813,53334
9813,228068
2228,223736
16391,223736
8676,20204
8676,73609
6046,8676
8676,80019
1706,8676
52803,209513
15009,52803
18863,52803
13101,1221761
1115333,1197063
149887,1344622
71797,479588
479588,1782147
55789,73838
7132,73838
1896,73838
40377,2543370
11092,291263
11614,291263
62644,291263
291263,1474448
5281,291263
132856,291263
11770,291263
3388,291263
291263,1795072
5140,291263
488,291263
67773,291263
22214,291263
57646,291263
15033,85085
85085,1607044
22810,173298
22810,211845
1524,19292
707,1524
1524,3388
879,1524
1524,51851
1524,13524
1524,1532
1524,116805
1524,41039
1524,57434
215726,1662226
125505,215726
707,23659
707,1243
707,60950
31,707
707,14386
707,1532
707,62861
488,707
707,67773
707,56323
707,105647
18897,37035
3893,205379
113373,1104837
19292,66515
59231,141513
1241,57206
5470,57206
130482,1374424
55636,130482
524,223747
90856,1968322
13922,1968322
5281,1301933
508,1301933
1301933,1709455
55638,57856
1152311,1152313
1152313,3581355
569,53477
71082,1161214
5602,1161214
30715,1161214
1144604,1629671
5715,18897
1056121,1144604
20801,1144604
57264,1144604
149495,1144604
57755,1144604
273286,1176994
41091,59410
51298,59410
19292,59410
2632,59410
13235,59410
539,59410
59410,59413
212,59410
53684,59410
59410,60950
59410,62831
59410,132857
488,59410
24951,59410
59410,67773
68,1344622
2632,74159
16376,74159
1032,74159
1532,38803
38803,1193602
37872,38803
1776,38803
12079,136512
136512,1213320
5524,12079
12079,76982
510,12079
12079,1213320
11109,1213320
8328,29483
60585,1070555
131864,175285
57492,1094821
56262,466505
15175,64141
11159,95024
11012,64141
1896,95024
19274,64141
76245,95024
11770,64141
30715,64141
54710,64141
62862,64141
17087,1140442
3027,21134
11012,1080778
11012,54710
11012,62862
1706,11012
2034,76813
76813,85670
769,4762
769,880
769,1158
9858,9916
9612,1457025
59913,105866
54734,1224222
449,54734
19274,54734
3388,54734
449,4581
449,11649
449,41088
449,19274
449,8297
449,41039
10747,1198824
582722,1182669
65225,1046142
1032,65225
56856,65225
59,8395
8395,12891
138,8395
7904,67524
1524,67524
11770,67524
1930,67524
488,67524
449,1494787
11218,39012
31,11218
258,11218
8688,11218
11218,130140
14999,80219
10859,80219
53120,80219
80219,939306
80219,204761
15912,100388
11090,39012
11614,39012
17883,39012
564,39012
1769,39012
15218,39012
1243,39012
10828,39012
5655,39012
39012,204484
39012,1293994
39012,67367
366,39012
1650,39012
39012,116805
488,39012
1032,39012
1776,39012
6201,72624
6201,53023
6201,152463
31,6201
6201,14386
6201,579551
6201,1136517
15557,66962
508,15557
12900,15557
15557,56856
7501,12238
7501,12719
12238,25598
12238,12952
4385,12238
5281,12238
10828,12238
525,12238
12238,67615
4762,12238
11401,12238
12238,19665
488,12238
1032,12238
12238,12718
1776,12238
488,81203
7501,67615
12718,67615
12238,12719
12718,12719
4027,10828
3026,4027
31,4027
4027,7132
488,4027
4027,26713
3045,10296
10296,211962
24,10296
5575,88967
19536,88967
10859,88967
3972,88967
88967,171830
88967,211962
67485,88967
88967,183230
10828,171830
3027,171830
13079,171830
171830,211962
171830,230174
11993,55636
11993,67773
2034,19274
19274,19292
11701,19274
19274,52934
6730,19274
19274,54716
8029,19274
19274,19303
19274,54710
19274,62862
19274,21007
13520,19274
11108,19274
11109,19274
19274,41039
19274,56661
34936,105644
34936,1211813
79241,1030260
79241,211962
79241,985161
11449,79241
5575,211962
211962,220303
211962,466391
211962,1220917
13922,211962
10859,211962
2127,211962
89026,211962
57264,211962
34936,211962
211962,930248
211962,985161
33045,211962
113902,211962
211962,1213170
113914,211962
1032,69696
60074,1176379
224197,1176379
1650,1176379
1176379,1650331
2712,1297488
19536,1297488
1930,78439
21960,78439
78439,544496
3110983,3110984
3064,3110983
84451,189230
3556,17016
17016,23446
17016,19665
17016,53334
12833,69122
19292,69122
15277,69122
8844,69122
5216,69122
212,69122
19224,69122
5602,69122
67773,69122
8654,69122
1121,69122
2161,2710
1152,2161
224,2161
2161,11770
280,2161
2034,11770
11090,11770
11770,98631
11770,15218
11770,47506
11770,74655
10828,11770
11770,57581
2127,11770
11770,15175
11770,137467
11770,53120
11770,1423660
11770,558929
11012,11770
2176,11770
11770,1302082
11770,71872
11770,1094069
11770,21183
11770,1636959
11770,14941
488,11770
11770,21684
1748,937811
937811,1224999
56662,1401474
56662,76070
56661,56662
16860,1238297
17016,1238297
1238297,3203270
108,3085527
44735,57454
35796,57130
57130,57538
10249,39298
12891,1193554
13922,1193554
24,89027
539,59413
6431,1169024
23430,1169024
929825,1136502
539,22226
525,539
51736,1215399
366,1215399
137427,1215399
1121,1215399
26061,55789
1152,1191330
10959,1191330
5575,1237644
55499,62824
27226,62824
48965,62824
22215,58225
9281,22215
22215,113373
212,22215
15009,22215
22215,62861
12219,22215
22215,35028
22214,22215
114334,131521
24045,131521
76070,131521
524,131521
131521,579551
2130,76315
41091,1243029
121873,1668720
81597,1217426
5741,1217426
74294,94985
15810,15811
1706,15811
15811,1416383
1706,15810
15810,1416383
92784,1780427
57573,1780427
372,8686
8686,10828
2260,8686
488,8686
74294,579551
5741,74294
19292,32895
97579,1145520
19536,32895
109314,1145520
4937,32895
32895,55075
12094,1579769
3556,1579769
1152,1579769
55477,1579769
280,1579769
296963,1181948
62081,65360
7396,60663
1748,991808
1010002,1178788
9777,51993
1524,51993
5953,107765
1532,51993
107765,146836
19292,56728
56728,204761
56323,56728
56585,1706930
17835,116267
39189,116267
116267,182327
5953,136495
5953,86626
1461,5953
212,5953
5953,76070
1032,5953
5953,139135
1776,5953
544361,1238222
544361,1206073
42804,951557
2034,8447
515,8447
8447,17051
1243,8447
8447,936211
3388,8447
1930,8447
1896,8447
8447,13520
8447,1466661
42804,99710
42804,1123811
2036,43141
3225,43141
2228,5281
2228,11151
2228,3125
1892,2228
2228,2880
2228,34517
2228,20019
372,4757
2130,4757
4757,1253596
3125,4757
4757,12718
61351,116632
54472,2653862
55536,135795
212,135795
880,55260
55260,66121
11770,78136
11649,71551
56718,71551
20646,71551
52444,71551
71551,513378
131947,1213170
6163,131947
44735,131947
1528718,2338794
32501,1375636
6818,589230
40213,65452
28898,40213
3224,40213
6111,40213
58502,1386893
3893,58502
58502,1397821
23446,58502
58502,1300274
3125,58502
9612,80019
508,5575
508,17835
508,9033
508,2260
508,1106745
508,2689
366,508
508,1461271
508,2695
508,6162
508,1150
1448842,1603020
7087,12890
12890,84496
608,12890
84496,1457025
57581,111801
14887,1508314
6979,1508314
19292,239574
1158,239574
77089,239574
57637,69237
2589,69237
23799,224610
57755,111974
58370,111974
68813,929825
68813,130030
3556,68813
17496,68813
5602,68813
68813,1702466
68813,1018880
53267,1106745
38568,1106745
56586,110068
38568,161839
1090,38568
58504,936211
19303,936211
239583,936211
2216,2710
488,39657
18533,39657
928396,1357551
928396,1285174
1224,928396
34110,928396
53925,928396
142292,928396
5656,928396
21134,928396
30711,928396
181751,928396
184581,928396
223,928396
16863,928396
608,2710
608,10828
608,5655
172,608
7,608
608,69797
608,5602
488,608
608,57646
673,1844
956,1844
1844,42712
1844,23799
138,1844
1844,19656
1844,18161
1844,53348
1844,15810
1844,15811
1844,10959
1844,16938
1844,26205
1844,72427
1844,4014
1844,1404479
77950,1371010
1274663,1371010
1285848,1371010
76221,136040
975,136040
136040,1193597
68929,91394
54510,56855
55536,1106222
116805,1106222
880,2460
2283,36804
11108,36804
47652,151131
2632,552252
880,552252
12219,552252
108,126
126,128
126,11325
488,12824
12824,67773
108,204962
108,128
108,16384
108,11108
108,488
108,1032
108,1776
212,52849
212,5367
212,1227439
212,59258
12795,209513
1167470,1412121
17883,19303
564,19303
5281,19303
19303,112588
4429,19303
1748,19303
19303,1670142
19303,57407
19303,89026
138,19303
19303,53267
4566,19303
880,19303
19303,91343
1892,19303
14414,19303
510,19303
19303,1412121
5620,19292
707,5620
5620,60950
94917,127701
94916,127701
3776,27977
21721,1087304
17698,1714926
880,2176
2176,56873
1179422,1290265
10959,15346
10959,71082
1152,10959
42,10959
10959,56206
1776,10959
10959,1137824
77885,113642
24045,77885
20019,60545
1357,11614
1357,4429
1357,54441
1357,15277
1357,5216
1357,163998
1357,17016
1357,28866
61372,61373
16848,108952
14386,61371
225976,1378767
27804,97819
47646,2041517
64141,93019
62862,93019
36811,93019
93019,227564
1243,53684
19292,53684
1748,53684
138,53684
41039,53684
15277,185438
220274,220303
23446,220274
99096,224610
1300,56718
15277,56718
4937,56718
56718,122517
56718,69124
56718,69125
18923,56718
18924,56718
52444,56718
58321,218737
54734,58321
19274,58321
69124,69125
68308,69124
69124,181751
69124,440414
68308,69125
69125,181751
69125,440414
12891,107926
73421,107926
107926,1508314
17114,107926
23446,107926
515,17114
5281,17114
3634,17114
17114,23766
17114,68929
17114,23446
258,17114
17114,1141766
17114,544496
17114,81681
10828,23446
1748,23446
957,23446
23446,67758
8297,23446
2293,23446
23446,33045
24,23446
11449,23446
23446,57646
11614,1612078
515,1612078
229482,1612078
90037,1612078
58873,1612078
57573,1612078
1179651,1612078
544496,1612078
1136911,1612078
519,1612078
17051,109402
52934,1085179
19274,1085179
1032,938234
2127,1288796
7795,39012
7795,67773
15217,1368971
11614,1368971
515,3388
239,3388
3388,22226
3388,19292
3388,5655
3388,162931
3388,57755
3388,9994
488,3388
3388,5741
1295220,1323533
557383,934281
6979,1295220
14887,1437576
138,2389401
19725,31493
15244,19725
280,19725
144128,1200523
5655,52991
52991,55936
69122,85563
19303,150193
3087,2041394
68,2041394
1158,2041394
123132,579281
2294,123132
123132,1612453
138,123132
75699,123132
15277,18923
18897,18923
18923,18924
11109,18923
510,18923
15277,18924
539,18924
18924,59413
18924,67758
11109,18924
569,15219
15219,47051
56381,81856
56381,77357
17496,56381
9888,92784
83287,92784
20646,87010
4955,87010
21134,1102522
1102522,1176379
1997,9182
56585,60805
56584,60827
60805,60827
60804,60827
39,4762
3224,1201865
4762,65452
4762,19292
2228,4762
880,4762
1650,4762
4762,53334
488,4762
4762,4766
1032,4762
4762,30365
519,4762
3905,4762
9656,76365
56585,76365
56586,76365
76365,110068
56578,61441
56585,61441
56586,61441
61441,110068
9656,78840
56585,78840
56586,78840
76365,78840
78840,110068
1769,110068
110068,1692535
110068,967330
201,61440
5953,61440
212,61440
61440,66728
9656,220241
56578,220241
56585,220241
56586,220241
110068,220241
86627,220241
9656,86627
56584,1692535
56585,86627
56585,1692535
5953,1692535
56586,86627
56586,1692535
86627,110068
86627,967330
9656,1719228
56578,1719228
56584,1719228
56585,1719228
5953,1719228
56586,1719228
5470,93289
1437638,1868712
15009,23659
15009,15277
5602,15009
15009,21007
15009,16378
1108,30614
15009,219396
1108,44056
348,1108
55493,1180074
527607,1180074
108,74060
1157590,1157591
1238434,2146699
21061,21712
879,21061
879,1152
10439,1274515
348,1274515
51864,1572145
22226,76982
2632,76982
16377,76982
16377,17051
14,16377
16377,59410
16377,933558
16377,1216670
16377,1216673
1532,16377
12219,16377
1032,16377
16377,41039
16377,67773
16377,56323
1650,38883
228834,1133294
78500,228834
228834,2175367
9777,1076800
77295,1076800
59410,1076800
23659,60950
1076800,1169024
19292,60950
1461,60950
5575,67758
6340,67758
11649,67758
15345,67758
7,67758
18923,67758
3027,2104243
3950,2104243
158735,1231296
185438,1231296
52139,1231296
77048,1231296
17883,17884
24,17884
17884,88029
17884,54697
22226,933558
6818,933558
2632,933558
16376,933558
59410,933558
19274,933558
552252,933558
1532,933558
12219,933558
208519,933558
519,933558
67773,933558
56323,933558
81217,2991657
1901,16378
510,1901
37917,1883947
515,14887
14887,204962
14887,64194
3064,14887
51851,1144604
41039,51851
150098,1466234
3228,168309
3228,4937
3228,51851
19303,101183
2176,4037
4037,57755
211962,1237445
113902,1237445
220303,985161
23446,985161
33045,985161
113902,985161
113914,985161
78961,1226997
291263,1350906
19224,119665
11864,19224
17697,19224
212285,1469591
66555,1469591
219396,1469591
488,1108138
23659,55638
14,55638
16377,55638
7132,55638
36811,55638
55638,543261
41039,55638
55638,543256
3027,41355
975,194586
975,36669
974,975
819,40277
9562,55075
5216,75699
40277,75699
1532,75699
35028,75699
63052,1192218
17016,1192218
3490,571473
876,24049
876,13520
43553,73937
17520,73937
21678,73937
73937,1155547
2460,73937
1957,73937
37626,73937
3111,73937
95136,1394324
165843,1216623
5741,162931
162931,165843
23880,48965
51679,161839
161839,1465193
10828,161839
18897,161839
44916,161839
17387,161839
132876,161839
17697,161839
17277,139150
8965,8966
1650,8966
8966,11108
944544,1070310
488,944544
1071,3702
66549,1167458
224,113290
80675,1167458
113306,1167458
161839,1167458
132876,1167458
1142171,1310031
1310031,1661863
1310031,1371823
5602,66877
3634,103242
3027,97026
18272,97026
141963,141964
141962,141964
6201,1544170
1238458,1544170
880,2033727
1892,2033727
1598732,1606499
1606499,1606500
5602,15797
3087,3634
2176,3087
3087,5696
3087,8483
3087,13333
1158,3087
1776,3087
5602,43553
5602,39104
1223,5602
1243,5602
3556,5602
5602,6818
5602,204962
5602,1056739
488,5602
10859,1109702
16377,1109702
116805,1109702
12795,84697
1150,12795
40312,64750
40312,67717
2589,40312
52443,1267186
19274,1267186
41039,1267186
165843,1216660
110,71797
110,37917
110,5216
110,2228
108,110
110,128
110,1002601
110,2690
110,10757
1421601,1861797
565250,1140437
1150,3431
1032,3431
18910,38937
18910,70144
16391,18910
38937,70144
71082,141688
2228,56194
56194,69488
56194,93504
122423,204962
1886,3026
1886,2689
68699,68700
58504,203953
14999,35466
1080778,1279519
115725,1245281
17051,37618
37618,51736
172,37618
37618,58189
1012,1176
5294,57573
1176,3225
1176,1363414
36589,57573
110,57573
7017,57573
956,74569
974,57573
957,74569
74569,2104243
28974,167784
74569,1551545
74569,1113116
161839,167784
74569,132876
24,74569
167784,1214366
70500,132832
1776,132832
564,87091
87091,1139094
57755,87091
87091,117443
2034,91388
91388,547781
17087,1139094
3026,1139094
1241,1426949
5953,1426949
223,1426949
41091,124749
59919,124749
41088,124749
15217,220088
220088,440414
220088,1136517
11701,30715
1461,30715
2228,30715
880,30715
30715,57755
3490,30715
1121,30715
5281,1481141
10859,1274663
58189,1274663
67367,930707
117642,1274663
24045,67367
56323,1274663
2838,51918
1243,2838
2838,16379
2838,6818
2838,21678
42,2838
2838,5602
2838,57755
2838,51917
2838,16378
2838,6162
2838,22461
1150,2838
2838,937570
2838,78160
1302082,1462214
1056739,2220282
132856,1056739
3064,30076
5696,72628
5696,15112
5696,8483
77268,1661863
62946,1661863
1142171,1661863
7018,936270
59,936270
3224,936270
90492,1279521
1893,1551545
31,54645
31,39
31,3027
31,204484
31,3634
31,5953
31,54040
31,13520
31,488
24,31
31,27518
31,27519
31,3490
1284099,1394657
213001,1394657
1394657,1540069
45405,1284099
1241,1284099
213001,1284099
116805,1785458
7630,66113
66113,117443
11649,16384
138,16384
16384,39012
16384,19665
488,16384
1032,16384
16384,34517
8654,16384
1776,16384
67783,82482
3490,82482
11151,64172
64172,66121
121873,961347
880,125167
524,125167
1892,125167
17697,125167
133359,133368
64295,133359
19292,133359
1219546,1221606
67773,1221606
3905,1221606
544496,931795
13614,13615
13614,66549
13614,13922
13614,97263
515,15149
23659,54710
54710,55710
54710,62862
280,1230195
5917,5935
2710,5935
5935,16483
5602,5935
9656,16938
16938,18897
10828,55474
6162,55474
2690,55474
129921,928449
69488,73855
7904,224197
162371,224197
934281,1887858
23626,1887858
34110,1887858
36804,1887858
557383,1887858
73855,1887858
83189,1887858
224114,1887858
55636,1887858
73855,83189
83189,224114
55916,83189
55636,83189
10757,83189
14386,1609976
9777,14386
1461,14386
14386,15557
14386,19274
14386,71329
3125,14386
14386,212208
14386,1978406
14386,67773
14386,120615
14386,1136517
107820,1474799
56323,208664
11770,32278
32278,55638
32278,74397
880,32278
7132,32278
32278,181751
488,32278
32278,1823051
10828,68794
109599,1181353
1079579,1081448
280,10722
10722,67773
23659,1219812
58225,1219812
55536,1219812
41091,1219812
31,1183645
12996,57631
31,12996
12996,131827
12996,1179651
12996,116805
96199,1709460
583812,1637435
19850,56359
56359,56360
39,56098
4581,56098
56098,229604
3224,56098
56098,138175
13333,56098
55690,56098
115033,1302082
2127,1302082
569,11805
1152,11805
11805,12900
3556,1439071
16863,1439071
8780,1238222
488,8780
488,6693
929825,1065549
1065549,1555061
5294,1065549
1065549,1177552
1065549,1665253
258,518972
2689,15277
2689,92784
1706,2689
488,2689
11151,1026085
4566,12952
1071,4566
4566,13079
4566,17016
4566,8780
4566,138175
1090,4566
4566,13333
4566,163496
4566,12718
510,4566
17871,52934
17871,55638
31155,98711
32907,98711
18384,98711
27226,98711
78435,167889
879,54040
932639,2371545
121873,1795072
488,1795072
1395183,1795072
1032,1795072
1776,1795072
1139408,1586156
17051,1139408
564,880
880,12891
880,7270
880,2294
880,56539
880,556172
14,880
880,3026
880,472630
880,7017
880,1892
880,39387
348,880
56435,1421641
1032,17880
510,17880
545572,1109815
9147,1109815
11109,1109815
1109815,1484249
39,2199
2199,51864
1461,2199
366,2199
488,2199
366,15218
366,11701
366,16483
366,9033
366,133287
366,407
366,488
366,1892
3125,34692
1776,34692
19274,1774411
1221087,1774411
31,1774411
55474,1774411
488,1774411
1706,58034
1706,15345
1706,3893
1706,50583
1706,1707
1706,12083
1706,6046
36602,1193190
15277,36602
20505,36602
20506,36602
36602,181751
36602,1228311
41670,56857
56856,56857
9747,144492
119294,144492
144492,144493
236605,1662226
12208,71329
3125,71329
71329,212208
58628,71329
64194,73421
11218,64194
5470,64194
64194,72156
23659,57755
1223,57755
1224,57755
564,57755
35550,57755
1152,57755
9748,57755
6046,57755
2176,57755
30711,57755
20151,57755
1071,1297493
74624,1297493
37917,125324
5602,125324
30715,125324
84546,125324
488,125324
44735,71609
3776,582314
11614,582314
488,582314
144782,146169
30614,136495
30614,1239407
1461,30614
2228,30614
108,30614
126,30614
11151,30614
30614,30715
30614,64172
30614,72757
30614,137427
7056,81256
1243,1930
1930,3634
1930,1105818
71872,1136502
71872,2580328
309,15602
569,1198730
1032,1198730
1265909,1564198
1146,166995
31164,166995
68,525
68,157
68,1650
68,488
524,202816
1795072,2056482
23659,62863
41091,62863
62854,62863
62861,62863
23659,62831
62831,161932
62831,291263
62831,62863
62831,62861
62831,67773
22214,62831
23799,32205
220303,1468313
1030260,1468313
11449,1468313
8688,18863
19119,101399
11701,19119
17520,19119
18897,19119
17496,19119
138,19119
19119,56225
3288,19119
19119,21669
524,19119
19119,137427
1243,108346
2034,1729442
65452,1729442
19303,1729442
258,11614
258,8688
258,12219
223,258
21032,41670
515,76070
9181,76070
76070,1238434
76070,1545927
76070,83784
76070,1145610
10959,76070
75699,76070
19896,76070
76070,108346
76070,1002647
76070,222686
26205,76070
7017,76070
76070,1571618
75725,76070
76070,239404
510,76070
76070,98522
44735,76070
2034,85670
3027,85670
85670,562206
1032,85670
8483,204484
8483,72757
1486502,1496011
565491,1113116
115033,1113116
87257,1113116
10828,1113116
564940,1113116
3027,1113116
934803,1113116
52935,1113116
1027824,1113116
12795,1113116
510218,1113116
7132,62644
7132,99710
7132,16483
4937,7132
7132,1095275
7132,35028
7132,8654
510,7132
53935,1458589
10959,1458589
1243,1444799
25703,1444799
17698,1444799
11108,1444799
1726,52968
1726,3388
1726,41549
1726,48965
1726,16938
1090,1726
1726,67753
280,879
280,3087
280,9147
150,10828
138,150
150,59410
1002647,1017274
1032,30711
1892,30711
1473795,1635720
11401,18897
59290,64211
59290,59291
16848,59291
2978,59291
2675,59291
57581,59291
2127,59291
2128,59291
5140,59291
59291,81681
51917,51918
1032,51917
1152,62894
224,62894
4027,62894
5140,62894
6111,62894
26713,62894
1142962,1142963
488,21879
1243,554453
1748,554453
19303,554453
223,64785
6730,120560
59919,120560
41088,120560
13524,120560
12718,120560
18897,1088579
519,13524
564,87672
87672,969493
21136,87672
87672,119368
57755,87672
88968,996636
67980,1414130
569,175285
122842,122843
12900,13333
12900,2391251
18897,21634
16590,60585
16590,52358
16483,16590
16590,73421
1439368,1748210
1241,222686
68813,222686
60499,472630
42993,91343
98,91343
55636,1327052
120615,1327052
102445,225208
6818,225208
18897,225208
4955,225208
1035,225208
19303,225208
2690,1230367
23659,77075
19292,77075
32907,77075
77075,158450
16483,77075
138,77075
77075,109708
19274,77075
212,77075
60950,77075
3087,77075
76245,77075
236592,1224030
139150,582722
35595,78482
1032,95687
91394,139558
11614,41671
2294,41671
69230,105676
69230,69233
57637,69230
69230,69231
14999,69231
69231,69233
57637,69231
5140,69231
21007,58744
21007,45407
21007,41091
19292,21007
21007,45405
21007,62763
6730,21007
138,21007
21007,73421
4937,21007
21007,54734
21007,32278
1032,21007
21007,41039
21007,1978406
12208,57637
57637,69233
34517,57637
1776,1967619
20019,51944
570785,1224494
7482,9147
3556,9147
9147,16376
9147,9994
52139,1224494
7482,7483
7483,1058166
525,27428
18897,27428
1152,27428
27428,138781
27428,1137903
819,27428
27428,120615
11701,1137903
5216,1137903
2228,1137903
81850,1137903
1896,19292
1896,4762
1892,1896
1896,1232123
17835,52139
13922,52139
52139,60663
52139,570785
52139,62854
12219,52139
2386,52139
5741,52139
114253,1236982
114253,1405880
98104,114253
11108,98104
11109,98104
67273,133258
1417080,1417082
231709,231710
231709,231716
231710,231716
3634,231710
1930,231710
3634,11916
11916,24076
11916,1178822
1150,11916
4581,59070
59070,151343
1318201,1710601
76595,1318201
132857,1056739
2632,1176124
18863,1176124
488,1176124
1032,1176124
52845,1176124
929825,2379700
5281,2379700
87257,1415665
42393,109984
75960,1238434
75960,1340023
56584,967330
56585,967330
19303,967330
77075,967330
76245,967330
519,967330
97087,1292259
929825,930697
930697,1179651
17051,62514
98,16378
10757,16378
5281,6431
4429,6431
6431,41091
3556,6431
224,6431
6431,183036
324,6431
6431,67758
280,6431
2293,6431
524,6431
6431,16836
5010,6431
6431,2932477
819,1243
819,1158
819,1892
576117,1959734
3288,86239
3288,220303
3225,3288
108,3288
488,3288
3288,208519
3288,56856
8688,51918
8688,10828
488,8688
86626,1011210
1011210,1020767
1011210,1180698
37917,1011210
139135,1011210
472630,1228470
1957,122571
21669,122571
5281,472630
1957,2303
2128,59117
5953,59117
26205,41088
26205,55936
59258,122724
201639,1844852
74971,102445
31493,74971
1032,74971
22226,81850
1997,81850
21183,83228
147540,424258
2034,7017
7017,15730
7017,12995
5294,7017
7017,36589
1532,7017
7017,20300
7017,68720
2034,930699
62946,930699
16384,1141766
7482,40542
9747,40542
589,40542
1748,226615
8395,226615
226615,991808
16919,1217029
21960,69122
1158,21960
17087,219396
5140,11090
5140,11770
5140,78021
488,1070310
18897,78322
78322,1292298
11401,23712
880,1084962
1892,1084962
14414,1084962
15346,120015
120015,1018751
120015,1214366
120015,1214367
168309,1018751
15345,1018751
15346,1018751
28974,1018751
1018751,1214366
1018751,1214367
488,1018751
56585,1591065
1591065,1591069
1591065,1591070
1591069,1591070
1591069,1635720
1094069,1532395
55536,1053413
3064,188403
3064,1257078
3064,15488
3064,10757
5281,1374424
943183,1374424
48567,1363577
21183,1363577
12047,15217
372,12047
12047,22226
12047,82226
508,12047
12047,35021
12047,2224670
4014,12047
510,12047
1121,12047
77831,1224030
64856,80602
42,21183
1035,21183
1241,21183
21183,30614
5470,21183
10859,1285848
488,68308
55916,93504
1180193,1182669
126971,586955
3583,3776
1650,3583
3776,18558
1650,18558
18558,21669
1650,5655
138,1650
1650,1359320
1150,1650
488,1650
1032,1650
3027,1264646
21246,117487
15557,37161
2294,141673
4955,141673
84981,141673
2303,1352205
1310844,1352205
2303,3556
1032,2303
2303,1310844
2130,1450261
98522,1450261
23659,52000
15175,19665
59413,1301700
569,1532
1532,13922
1532,15277
1532,54469
1532,23626
14,1532
1532,5656
1532,223736
1532,2228
879,1532
1532,3087
1532,2838
1532,57755
819,1532
1532,1892
510,1532
1532,44735
17510,52444
3125,52444
488,52444
51864,2090135
1309008,2090135
835926,2090135
36811,1213573
14,36811
2632,1214845
57631,57632
8328,140909
5470,57632
74337,140909
140909,1244298
1461,57319
74337,1244298
212208,1512795
45407,89576
39189,89576
89576,115128
52443,89576
4955,44957
1273117,1361963
1361963,1943403
76595,1710601
1643852,2025364
44056,69331
73289,1624768
1748,131184
51575,60618
37526,60618
3776,56207
1650,56207
59913,59914
41091,116805
116805,174514
116805,440414
41039,116805
56661,116805
40863,1063229
1044255,1063229
10859,52941
449,52941
562917,562918
8193,11701
6046,8193
2303,8193
8193,40476
76627,1230368
4385,1452383
138,1452383
366,1452383
18862,1452383
11090,961004
27977,961004
15033,84833
1371247,2600533
116805,464993
82194,2360102
1415665,2360102
8688,1221761
1221761,2451598
21864,51736
79961,79964
9656,79961
56578,79961
56584,79961
56585,79961
56586,79961
879,18323
956,1412730
525,1412730
309,1412730
6431,1412730
1032,1412730
17114,19766
1776,19766
1636959,2025364
1131215,1636959
62854,162371
11109,47730
3634,62854
62854,98103
11109,14887
11109,138175
4937,62854
11108,11109
54734,62854
19274,62854
488,11109
62854,933558
62854,62862
21007,62854
62854,62861
41039,62854
11325,1327402
11108,14999
11108,14887
11108,57755
11108,122582
19292,62861
1162589,1170861
2838,934032
15218,23430
138,23430
510,23430
4723,18862
31,18862
1150,18862
569,19840
19840,19841
63973,1432635
63973,69488
9994,1652371
9994,1932179
1243,9994
9994,120096
1524,9994
31,9994
2880,9994
3905,9994
1776,9994
15033,84714
7132,84714
3490,84714
56323,84714
3027,65108
27,65108
366,65108
2199,65108
27428,65108
18862,65108
6039,65108
1032,65108
1892,65108
1121,65108
4723,6162
6162,1041394
6162,11701
6162,15277
42,6162
6162,57573
31,6162
1896,6162
819,6162
2690,6162
16379,1878120
1152,1878120
56132,1878120
16377,440414
440414,1470487
440414,543256
67773,440414
2293,15217
2293,113915
2293,79241
2293,11449
18272,62644
16379,1098032
3027,1098032
929825,1407308
91585,1407308
1238222,1407308
455,5367
524,5367
23659,24357
13922,24357
24357,52139
6979,1217029
6979,93289
1109408,3729224
1176,6979
76082,129527
961004,1969405
5281,2037809
14,78435
32895,78435
544496,1402972
8780,544496
3125,67796
68,3125
3125,50949
3125,67273
564,1704796
3125,1704796
564082,1704796
19012,1216617
67783,71338
19012,151295
78064,1071130
1071130,1373735
43621,1071130
17087,1211732
515,221107
76927,221107
3776,22461
5970,22461
17051,22461
6818,22461
2228,22461
1776,22461
19536,53276
53334,62644
524,53334
7482,13333
6046,13333
11916,13333
13333,20300
13333,20019
13333,44735
1892,71244
55934,1721377
116805,1721377
83967,229568
47826,83967
515,14941
14941,56873
14941,46946
2710,21526
7166,21526
15217,74258
5281,74258
74258,82194
366,74258
74258,2360102
51996,1214366
51996,1214367
12238,2830628
15346,1214366
1214366,1214367
15346,1214367
167784,1214367
17386,72327
7056,58982
54472,58982
21463,48567
21463,144009
39516,1283814
3556,1283814
115666,1642119
1331465,1346331
75946,75946
65360,1122355
5129,85236
41039,85236
1150,118303
1150,8328
1150,65677
1150,11770
1150,30715
1150,1158
1150,122582
488,1150
1032,1150
1150,1776
956,67206
5575,19852
4723,19852
27,19852
515,67206
2589,19852
19852,35028
729,65360
10747,65360
488,65360
65360,212208
65360,67273
65360,1252934
5129,179632
5129,41039
5129,44809
5129,56323
510,5129
3950,6046
3027,83287
108,83287
524,83287
1032,83287
5575,33045
25598,33045
33045,36603
33045,105644
28974,33045
11701,33045
11770,33045
31,33045
1706,33045
33045,1257144
3950,33045
33045,113902
33045,67485
33045,204037
6854,33045
21721,56828
19303,21721
10757,157879
3027,1511639
70144,84414
4566,52842
34110,1119247
488,1630053
28523,42930
6046,69697
1158,69697
55636,69697
69697,117075
5281,141825
17087,141825
78439,939346
1152,1158
138,1158
1158,1461
1158,2228
1158,8780
1032,1158
1158,1892
1158,1776
71872,973668
488,7775
1723,184581
16860,184581
184581,1378767
4566,184581
184581,202816
13520,184581
163496,184581
72024,835926
835926,1056121
133287,1169159
224,1209339
38516,1209339
455,1209339
14606,1859529
2690,65452
2690,3556
53863,83872
53863,58225
2690,53023
1035,2690
1461,53863
309,2690
53863,59410
2690,6201
27977,53863
41039,53863
2303,226095
309,37626
13927,1254559
224,1211212
7482,116018
12952,26076
26076,58689
26076,104561
3125,26076
26076,182327
5216,230300
11649,18316
6046,18316
65734,296963
136495,168877
55710,168877
15218,168877
11701,168877
37917,168877
3634,168877
168877,1284099
8780,168877
6431,168877
150098,168877
22214,168877
63973,1439795
1879567,1958357
488,3776
488,2294
488,21339
488,3556
488,6818
488,82194
488,15892
488,120254
488,1219529
488,30368
488,19274
488,6046
488,508
488,19303
488,11108
488,1032
24,488
488,648
488,1059572
488,74624
488,2224670
488,72757
488,51329
488,4746
39760,102358
74436,207132
3556,74436
36602,74436
36042,67773
36042,1242788
20300,1242788
1057201,1785458
4581,113515
2690,4766
510,4766
11090,182327
98103,182327
182327,219367
59918,111683
111683,162371
51298,111683
55638,111683
62861,111683
12219,88926
12219,19292
12219,52849
12219,77075
1032,12219
12219,67773
12219,59258
6818,967767
3490,967767
14,26971
3905,60427
11092,1808351
608,77921
55785,77921
98173,1102141
1136517,1144950
87009,170432
40863,139150
139150,586002
3027,139150
139150,1037989
92784,139150
76624,139150
68720,413453
56377,79322
125505,1003190
17087,125505
11218,125505
35521,1344622
39,55690
55690,151343
40223,2493161
7166,2493161
12219,2493161
15009,1420175
940632,1717227
1717227,2718333
12995,2895620
9281,46588
9181,9612
9612,41549
9612,52845
57631,91641
7018,91641
15488,91641
455,3776
455,1157604
17051,208519
86626,208519
18923,84961
18924,84961
84961,84962
18923,84962
18924,84962
45405,586000
3027,67753
21563,67753
35771,42804
2710,76624
5602,76624
67367,76624
55934,1211781
1211781,1293994
55499,1211781
52443,1211781
8676,1211781
64141,1211781
11218,1211781
1108,1211781
32278,1211781
765,20024
7775,1211781
524,20024
1211781,2224670
510,1211781
105644,113902
113902,220303
113902,145170
2632,12905
12905,52139
5281,1395183
6818,1395183
13235,1395183
11151,1395183
30715,1395183
1402744,1402745
1402744,1402746
30715,67717
1402745,1402746
6039,11090
2710,6039
6039,15345
6039,1264840
6039,67803
1152,6039
6039,8447
6039,67367
366,6039
2199,6039
6039,27428
819,6039
488,6039
1892,6039
4014,6039
1121,6039
16483,1299642
957,1299642
64785,1299642
1245281,1257078
59,524
524,7270
524,1243
524,55934
524,3556
524,143593
524,39819
524,24045
201,524
524,6201
524,30715
524,1158
524,58552
524,970088
524,51329
524,1136517
510,524
524,16863
51329,163496
202,930337
20173,930337
510,930337
10828,579551
5602,579551
65360,579551
212208,579551
579551,1136517
510,579551
56718,513378
52444,513378
524,513378
124824,1214367
558465,1667892
15488,22679
9888,90492
45407,90492
45405,90492
30711,90492
6431,1320421
1306608,1320421
67273,1320421
6431,1306608
53708,2145315
1032,2145315
118581,583812
2130,143149
39012,143149
19985,48583
19983,19985
71797,550045
11701,550045
4937,550045
550045,550046
4937,550046
59291,1031240
1325716,1480620
1480620,1607044
1152,133635
19274,1607044
1325716,1607044
1639084,1932296
52360,99388
13922,59419
583,14393
366,14393
1150,14393
1032,14393
1032,2710
1032,9888
1032,1769
1032,10828
62644,200043
1032,14999
1032,3556
200043,1421641
200043,1026085
1032,6818
1032,56383
1032,13235
1032,2260
1032,17087
1032,5656
1032,45400
1032,1145520
1032,92784
1032,56206
1032,67717
1032,1892
1032,21684
1032,67773
1032,6111
1032,1776
1032,5010
201,1098658
114470,1976040
5090,62644
5090,968708
5090,56381
40476,1059880
98,1561511
98,19274
98,280
98,1391986
5575,41039
23659,41039
41039,55710
41039,58225
41039,466505
19292,41039
15033,41039
41039,54734
41039,60950
2945,41039
41039,440414
41039,139135
41039,67773
39,35021
20204,35021
19242,35021
8844,35021
35021,51021
35021,51023
35021,74315
488,35021
35021,2224670
35021,1012022
51329,928625
12718,13333
3027,21563
17051,1193602
1776,1193602
1532,28866
13927,28866
589,1243
589,1152
138,589
31,589
589,1150
589,36042
589,54697
10859,57363
55636,1217029
24173,55636
3027,55636
1152,55636
16483,55636
2176,55636
54040,55636
12920,55636
2127,132876
31,132876
117642,132876
66681,1661850
1039527,1661850
1892,2710
525,1892
1892,3026
1892,31511
280,1892
488,1892
1892,5090
1892,17697
1892,39387
1776,1892
348,1892
17697,17883
10859,17697
5216,17697
17697,25703
1893,17697
1461,17697
17697,89027
17697,17698
880,17697
17697,30711
488,17697
12219,17697
17697,45419
17697,67773
17697,51329
17697,1023483
56059,442286
10991,936279
10966,10991
18897,50942
13922,1065752
2130,1065752
74245,116632
12718,27889
5470,27889
11708,64829
84414,1051349
1462,1213170
14999,78138
51736,78138
3893,1213170
37426,78138
23446,1213170
113914,1213170
880,1186538
280,1186538
1892,1186538
1371247,1868712
324,1868712
55934,1063377
16376,1063377
14,1063377
1158,1063377
17697,1063377
19292,104644
212208,1063377
63208,104644
7087,104644
608,104644
52139,104644
104644,1579739
16961,1471127
1152,1051295
1146,10249
3776,10249
10249,43553
3087,10249
10249,57755
943183,1484249
67758,1484249
17835,76245
76245,76248
1246154,2068306
63477,1046436
25598,94864
10828,94864
1108,94864
31,94864
1892,94864
24,94864
11090,219367
4581,219367
98104,219367
11108,219367
72757,2199558
211197,989235
1112589,1112590
58502,1112590
1112590,1186852
53863,1453702
58370,1453702
9376,188897
39,150098
1169005,1169006
1461,1512495
26061,26852
26061,28741
39104,589134
5655,589134
65615,78110
6163,7904
488,6163
65360,1237931
55439,1222225
21134,1222225
7904,14414
3027,14414
12219,14414
1146,2880
2880,1047946
210160,1047946
2294,144232
24,144232
141962,144232
7881,15812
12824,15812
15812,80110
17835,1227439
4722,59328
1227439,1299044
53120,59328
1227439,2185012
74105,74106
1769,78021
1243,78021
1152,78021
20193,78021
5602,78021
34517,78021
2034,2219327
204962,2219327
3634,66441
30711,237855
2690,65046
55906,65046
15488,1245281
21684,55710
10828,21684
138,21684
201,21684
21684,27977
93289,125267
3064,125267
974,125267
79082,524128
19292,524128
54734,524128
19274,524128
1896,524128
62861,524128
77089,524128
3388,166408
166408,1225519
1217426,1225519
1212270,1223048
5281,44789
16376,44789
44789,45987
5281,45987
17448,66605
17448,84414
201,17448
10959,17448
5602,17448
17448,57755
17448,2789466
10828,212208
5656,212208
45400,212208
3125,212208
212208,1395183
224610,1063932
163496,1063932
56661,81856
24045,56661
1035,56661
20374,56661
56661,125167
62635,99898
3634,99898
2100,99898
12783,15244
211962,555633
27,12783
2260,12783
2945,12783
83287,2039266
30365,2039266
37872,1193602
2712,95550
1776,37872
62644,1183883
1056739,1183883
6431,1183883
112200,112206
2589,34510
1896,2589
2589,53334
24,11701
138,58552
24,8297
24,9994
24,1150
6056,97262
97263,162931
97262,162931
97262,97263
126125,1356464
8654,1356464
12718,1841252
34110,1288762
564,1108637
58795,108668
17039,108668
2034,190341
3893,190341
66218,208519
70681,72757
67075,1187112
19224,1187112
68929,1138244
132876,560316
98104,1466661
1023389,1257827
525,61510
20387,61510
61510,1194205
880,61510
1158,61510
8654,72427
7270,146949
142618,1965938
98521,1442069
1196963,1508489
43621,48567
15217,36669
36669,88926
7482,36669
5655,36669
508,36669
36669,116805
1769,2112193
1243,2112193
16379,2112193
76595,1179651
76595,121830
4760,66228
66228,144519
62768,66228
66228,84021
449,66228
66228,1094069
66228,141673
66228,78190
66228,937570
16848,59611
59611,1018106
59611,558929
21879,1416383
27518,27519
488,1416383
7904,27518
3225,27518
589,27518
232959,1075096
1150,937570
3776,107766
4429,107766
5655,107766
23659,1778774
1177552,1778774
51918,1978406
525,1978406
21183,1978406
18838,78160
132973,139098
7270,42113
3490,11614
1748,543256
2294,3490
3490,5281
2632,543256
525,3490
3490,3556
3490,5877
3490,37618
3490,41671
132973,1076793
53240,1076793
5970,78160
23227,78160
16379,78160
78160,1299057
78160,1137824
47976,53519
16379,181550
1152,66189
1150,66189
66681,1039528
1039527,1039528
1039528,1039529
66681,1039529
141962,141963
1039527,1039529
648,15175
648,3087
648,1650
648,14414
348,648
224,88556
31268,88556
1020767,1059572
23659,1039527
66681,1039527
12833,27846
8447,27846
16848,56745
56745,105676
4385,56745
224,56745
56745,57637
1170245,1485104
23880,40377
5281,40377
1461,40377
84110,84111
98,958641
25598,77104
55439,77104
17016,77104
13333,77104
5470,566310
53117,203285
33352,53117
2127,53117
53117,58370
42993,58370
58370,62897
58370,1181022
21002,51972
84110,133331
84111,133331
57755,1317740
78136,83328
64035,83328
11614,564082
222330,564082
564082,1002634
564082,1023483
3027,64035
5723,45419
45419,1140272
138,139135
139135,1141766
1117026,1897005
488,139135
139135,1136517
16483,58728
58728,1579769
1776,58728
17087,34517
280,34517
488,34517
75725,94342
679,75725
10757,75725
119396,1080809
21463,81681
182327,1186596
20300,1522546
47646,1522546
510,1522546
7056,20300
20300,120096
3634,20300
20300,43621
42,65879
16304,16305
66515,1224534
5367,1287278
89843,89847
77048,158735
3027,1129908
57835,1058107
280,64735
2386,46442
6431,970088
13524,46442
39481,1932295
15345,58189
17051,58189
16838,58189
58189,78417
23659,39481
39481,55710
39481,57692
1220917,1237905
15009,1237905
2294,3111
138,3111
2283,3111
1254559,1403483
40863,1037992
39012,117075
13333,117075
82839,117075
2352174,3095630
66515,74624
76999,1280364
277081,1280364
23446,1540173
20647,207132
19311,20647
5551,2224670
5552,2224670
7087,2224670
110,2224670
44789,2224670
45987,2224670
1121,2224670
1245726,1292298
61763,1421633
679,3614
4760,139614
569,139614
1978,11701
1978,109478
1978,6162
1783332,2020126
6732,1219692
3027,1219692
9144,1219692
23446,1219692
9777,20019
20019,24045
4566,20019
1277413,1277414
4757,1528718
20019,1528718
1528718,2454500
56323,1528718
16391,2454500
19292,204761
53925,53942
60585,1049925
3027,1049925
67054,1049925
12208,117642
2130,117642
117642,137427
108,11325
99096,133675
5602,133398
132857,133398
41039,1625019
12084,12085
55710,1226294
41039,1226294
56323,1226294
84414,210160
67758,210160
76245,210160
14,519
519,707
519,17698
519,608
519,16377
519,5602
519,67773
510,519
67773,77950
67773,77951
17698,67773
53684,67773
31,67773
6047,67773
1896,67773
56323,67773
19416,116779
150,134651
1892,134651
9147,68720
31,120615
30614,120615
17764,1070287
17764,1238222
1106693,1140238
98631,1106693
137467,1106693
1106693,1136502
12891,1213074
10828,1213074
1395183,1586350
11108,1479681
21721,1479681
11449,15217
11449,220303
11449,985161
1579739,1579740
98882,1322394
131459,1322394
11401,1322394
56781,57579
56781,936211
56781,239583
5741,56781
8654,52506
56855,56856
15557,2756266
150098,1629497
1629497,1963456
16391,2756266
7017,1963456
9888,227564
525,227564
19292,227564
227564,983909
227564,227565
4762,227564
56206,227564
1032,227564
117443,204037
2710,1100748
2034,4014
4014,14999
4014,31164
4014,4762
4014,55753
223,4385
223,58225
223,3556
223,11218
223,2228
223,819
223,1032
223,970088
223,1121
2464,11649
1896,2464
2464,36042
1892,2464
2464,16391
4581,35028
35028,56383
35028,142292
1241,35028
35028,144009
17698,35028
8780,35028
35028,54472
5470,35028
39387,929825
1886,39387
9147,2108378
56131,56132
138,72757
15112,72757
77075,1226277
56323,1226277
39657,1453748
1158,1453748
20173,56205
224,20173
20173,78012
8654,102445
525,8654
324,1317388
8654,219367
5010,8654
515,59670
13333,59670
488,59670
1221053,1411385
6730,1411385
102445,1498102
109402,1498102
488,6854
14386,2725479
14386,1390163
36589,97298
7166,1234970
67354,239574
1312905,1439074
11649,19850
17883,19850
564,19850
9281,22214
539,22214
19850,56856
21007,22214
3087,1160479
22214,77089
22214,51329
60949,77089
12219,77089
23659,71402
71402,83872
58225,71402
71402,1001113
32907,71402
71402,84075
16483,71402
5723,71402
57755,71402
54472,57755
54472,73289
54472,1023483
17439,930526
125505,930526
60966,60971
17087,1193965
65599,65600
52049,52051
12094,221607
123997,221607
12718,221607
33352,221607
51329,73421
4937,51329
2228,51329
4762,51329
51329,51996
1158,51329
145134,1616084
8685,56856
3027,56856
56323,1224760
2228,2261
39213,1178812
84617,1178812
974,4566
488,1464449
53925,55936
488,42226
224,1607016
11770,1607016
5602,1607016
7904,938835
16860,586998
7482,938835
880,586998
519,586998
68185,938835
5602,938835
16863,586998
3905,5216
12987,35796
12987,224610
12987,14414
12987,12991
62644,131413
16376,38023
38023,1213167
17835,21422
21422,47646
5281,1111717
1032,91452
122348,1232361
8193,69987
19292,59027
4937,59027
348,15730
348,3026
348,52443
348,11770
148085,1976054
1976040,1976054
450952,1183757
144232,450952
1776,4385
1776,10828
1776,20659
1776,5216
1776,68929
1776,30715
31,1776
1776,56857
1776,9147
488,1776
1776,10249
1776,2880
648,1776
1769,2425997
1056121,2425997
45405,2425997
45400,2425997
1976040,2425997
1032,2419
57327,57328
211845,2916061
115033,137427
4762,137427
488,137427
1121,137427
7476,45343
181751,1228311
14386,1222241
52694,1460021
16848,44810
5129,44810
44809,44810
2710,59231
52935,59231
1152,59231
679,1071
679,1892
1035,1522852
1158,1522852
16304,1522852
23659,88029
20387,88029
88029,1252934
54697,88029
85563,94471
24045,1085584
12920,17051
729,92887
1374713,1374715
1223048,1374715
12094,17022
5602,17022
10757,17022
55934,1340023
1179651,1726997
31839,1726997
40254,1691433
4760,150551
7395,583816
201,583816
14887,583816
583816,1276373
4429,1433089
41670,1433089
3556,1458611
14597,1458611
224,1458611
42,1458611
1191330,1458611
111518,1458611
1150,1458611
7727,958540
488,7727
31839,1238222
213001,1540069
152456,213001
37917,213001
105648,213001
213001,1136517
558929,1111715
9340,1621370
4385,1289604
76422,1289604
4429,1289604
16483,1289604
58403,1289604
291263,1289604
5602,1289604
3125,1289604
24,1289604
117642,1289604
1776,1289604
2127,1828555
228643,1186263
5953,2256923
1136517,2256923
155595,1532395
19041,1099399
19866,70221
835926,1077578
7018,47646
47646,211845
47646,53519
47646,47730
39657,47646
47646,1959734
47646,138175
16847,1329980
10828,1442069
3027,1442069
52443,1442069
1113116,1442069
77089,1442069
44735,1442069
510,515
510,2176
510,15009
510,26205
510,57646
8161,117443
2357,117443
1152,117443
679,208079
12718,1023483
212208,1023483
1023483,1252934
5470,15730
5470,19866
5470,55477
5470,21960
5470,73460
1303269,1861797
69122,1861797
113914,220303
113914,1659095
113914,1237905
23659,1223048
4937,1223048
32895,1223048
12890,2451598
5723,1212242
1461,3203270
2391251,3203270
707,26713
49555,91605
135862,1395183
9888,1137824
42,1137824
974,1276373
934281,2580328
81681,2580328
5741,165843
5741,105648
5741,936211
5741,239583
62644,149993
53519,149993
149993,938962
10757,42993
10757,1389816
1285174,1779319
226587,1779319
1415665,1779319
45400,1252934
1252934,1395183
525,1497967
212208,1452963
1452963,1978406
1121,1452963
47976,1215632
1121,7482
1121,2294
1121,73421
1121,2228
1121,2176
280,1121
1121,2293
1121,3125
4429,27710
6818,27710
224,27710
1152,232156
101045,232156
525,1624484
40863,54697
4937,54697
19274,54697
54697,92784
5281,5289
529184,529185
53577,1898482
9888,1702466
17496,1702466
38883,1702466
564,1421411
2283,1421411
880,1444045
455,1444045
1017624,1198607
115678,1198607
19292,46946
5010,21712
1243,5010
4762,5010
5010,994550
488,5010
1107296,2710094
1472747,2710094
1782117,2710094
111513,1107296
1107296,1224115
564,1107296
8780,1107296
1107296,1179651
1107296,1411697
1107296,1472747
1107296,1782117
55536,1782117
1782117,1976040
1782117,1976054
1472747,1782117
16853,1782117
19311,1472747
19292,95136
928625,1472747
2632,59258
1685025,1708936
1217212,1224760
56323,1217212
23659,110876
55710,110876
41091,110876
56383,1183917
1032,1183917
59117,213098
1300,105647
60949,105647
15009,105647
3905,105647
16863,938234
2228,16853
1158,16853
71082,98522
74655,98522
33192,98522
37917,98522
42,98522
82226,98522
98522,1423660
98522,558929
10959,98522
956,2671715
5655,1491592
5655,57646
15811,57646
2880,56953
9181,37426
17880,37426
98522,1650331
7932,44735
44735,91269
32907,44735
3634,44735
41088,44735
8447,44735
23446,44735
44735,646785
44735,62862
44735,57755
13520,44735
5140,44735
488,44735
